tf_date,tf_time,tf_open,tf_high,tf_close,tf_low,tf_volume,predict
2020-10-23,13:45:00,1186.8,1188,1185.8,1185.4,113,0
2020-10-26,08:59:00,1188.8,1189.2,1188.2,1188.2,32,1
2020-10-26,09:59:00,1187.8,1201.8,1194.8,1187.8,615,0
2020-10-26,10:51:00,1195.4,1198,1195.8,1195,188,0
2020-10-26,11:59:00,1196.4,1197,1196,1195.4,55,0
2020-10-26,12:57:00,1195.6,1197.6,1196.8,1195.6,64,0
2020-10-26,13:45:00,1196.6,1198.2,1196.2,1196,114,0
2020-10-27,08:59:00,1192.2,1194,1190.8,1190.2,83,0
2020-10-27,09:59:00,1190.8,1192.2,1190.8,1188.6,233,0
2020-10-27,10:54:00,1190.2,1190.6,1189.2,1188.8,72,0
2020-10-27,11:53:00,1189.2,1190.4,1189.8,1188.8,35,0
2020-10-27,12:50:00,1190.4,1190.4,1190,1189.4,36,0
2020-10-27,13:45:00,1190,1190.6,1189.4,1188.2,72,0
2020-10-28,08:59:00,1187.6,1187.6,1184.8,1182.6,47,0
2020-10-28,09:59:00,1185.2,1188.8,1186.6,1182.8,342,0
2020-10-28,10:59:00,1186.6,1186.6,1182.4,1180.8,492,0
2020-10-28,11:58:00,1182.4,1186,1185.2,1182.4,134,0
2020-10-28,12:58:00,1185.2,1185.4,1185.4,1184.2,78,0
2020-10-28,13:45:00,1185,1188.6,1187.2,1183.2,304,0
2020-10-29,08:59:00,1173.8,1179.4,1177,1172,104,0
2020-10-29,09:59:00,1177,1182.6,1179.4,1173.4,601,0
2020-10-29,10:59:00,1179.8,1181,1180,1178.6,84,0
2020-10-29,11:59:00,1180.4,1180.8,1175.2,1172.8,234,0
2020-10-29,12:58:00,1175,1178,1177.6,1175,81,0
2020-10-29,13:45:00,1177.2,1179,1178.6,1176.2,141,0
2020-10-30,08:59:00,1173.6,1174.8,1173,1170.8,67,0
2020-10-30,09:55:00,1172.4,1176,1172.6,1165.8,378,0
2020-10-30,10:58:00,1172.6,1173.4,1172.6,1171.2,78,0
2020-10-30,11:59:00,1172.6,1175,1172,1171.4,165,0
2020-10-30,12:59:00,1172,1174.4,1173.2,1171.6,103,0
2020-10-30,13:45:00,1172.8,1172.8,1166.6,1166.4,195,1
2020-11-02,08:57:00,1169.2,1173.2,1173.2,1169.2,27,0
2020-11-02,09:56:00,1173,1179.6,1178.6,1170.6,391,0
2020-11-02,10:59:00,1177.8,1179,1178.2,1175.8,128,0
2020-11-02,11:58:00,1178,1181.2,1179,1177.8,169,0
2020-11-02,12:59:00,1179.2,1182,1181.4,1178.8,140,0
2020-11-02,13:45:00,1181.6,1188.8,1186,1181.6,331,1
2020-11-03,08:59:00,1191.8,1194,1193,1189,56,0
2020-11-03,09:59:00,1192.2,1196,1194.4,1188,499,0
2020-11-03,10:59:00,1194.2,1198,1197,1193.4,428,0
2020-11-03,11:58:00,1196.4,1196.8,1195.8,1194.2,107,0
2020-11-03,12:55:00,1195.8,1196.2,1195.4,1194.4,45,0
2020-11-03,13:45:00,1195.6,1196.6,1196,1193.8,196,0
2020-11-04,08:59:00,1201.6,1202.8,1196.2,1196,60,0
2020-11-04,09:59:00,1196.6,1198,1197.4,1190.2,454,0
2020-11-04,10:59:00,1196.8,1202,1197,1196,441,0
2020-11-04,11:59:00,1197.8,1204.6,1198.6,1195.6,468,0
2020-11-04,12:57:00,1199.2,1201.2,1198.8,1196.4,157,0
2020-11-04,13:45:00,1200.8,1202,1202,1199.4,181,0
2020-11-05,08:59:00,1207,1207,1203.4,1201.6,104,0
2020-11-05,09:59:00,1203.4,1211,1206.8,1201.6,420,0
2020-11-05,10:59:00,1207.4,1207.6,1206,1203.6,116,0
2020-11-05,11:59:00,1205.6,1206.6,1204.8,1204.6,52,0
2020-11-05,12:55:00,1205,1205.4,1204.6,1203.6,69,0
2020-11-05,13:45:00,1204.2,1206.4,1204.8,1204.2,77,0
2020-11-06,08:58:00,1209,1209,1207,1204.4,70,0
2020-11-06,09:59:00,1206.6,1208.4,1208.4,1203.8,234,0
2020-11-06,10:59:00,1208,1214.4,1213.6,1207.6,270,0
2020-11-06,11:59:00,1213.8,1213.8,1211.4,1211.4,78,0
2020-11-06,12:56:00,1211.2,1212.4,1211,1210.2,93,0
2020-11-06,13:45:00,1211,1215,1215,1211,206,1
2020-11-09,08:59:00,1224,1224.6,1223.2,1222.4,68,0
2020-11-09,09:59:00,1223.8,1229.4,1225.4,1221.4,587,0
2020-11-09,10:59:00,1226,1226.4,1221.8,1220.6,212,0
2020-11-09,11:57:00,1221.8,1224.2,1223.2,1220.8,133,0
2020-11-09,12:59:00,1223.4,1224,1223.2,1221.8,131,0
2020-11-09,13:45:00,1222.8,1223.8,1223,1222.4,141,1
2020-11-10,08:59:00,1230.4,1237.2,1235.2,1230.4,238,1
2020-11-10,09:59:00,1235.2,1244.8,1241.8,1232.4,1592,0
2020-11-10,10:59:00,1241.8,1243.4,1243.4,1239.8,249,0
2020-11-10,11:59:00,1243.4,1245.6,1241.6,1241,323,0
2020-11-10,12:58:00,1241.6,1242.6,1241.8,1239,235,0
2020-11-10,13:45:00,1241.8,1245.6,1245.6,1241.6,438,1
2020-11-11,08:59:00,1251.8,1254.2,1252.4,1248.4,94,1
2020-11-11,09:59:00,1252.6,1265.2,1265,1251.2,951,0
2020-11-11,10:59:00,1265,1266.8,1265.4,1263,312,0
2020-11-11,11:59:00,1265.6,1269.2,1267.8,1264.8,283,0
2020-11-11,12:58:00,1267.6,1270.4,1269.8,1266.2,179,0
2020-11-11,13:45:00,1269.6,1273.2,1272.2,1269,352,0
2020-11-12,08:59:00,1266.6,1269.6,1268,1266.2,99,0
2020-11-12,09:59:00,1267.8,1268,1257.2,1256,507,0
2020-11-12,10:59:00,1257.6,1259.4,1253.4,1252.8,234,0
2020-11-12,11:59:00,1253.6,1254.8,1251.8,1250,236,0
2020-11-12,12:59:00,1252,1253.2,1249,1248.8,108,0
2020-11-12,13:45:00,1248.8,1251.4,1249.6,1248.2,135,0
2020-11-13,08:59:00,1248.4,1252.4,1251,1247.4,107,0
2020-11-13,09:59:00,1251,1255,1253.6,1249.4,572,0
2020-11-13,10:59:00,1253.6,1254.8,1254.8,1252.4,192,0
2020-11-13,11:58:00,1255,1255.6,1253,1252.6,131,0
2020-11-13,12:59:00,1252.8,1253.2,1251.6,1251.2,161,0
2020-11-13,13:45:00,1251.6,1251.8,1250.2,1249.4,217,1
2020-11-16,08:59:00,1259.4,1262.2,1261.2,1257.4,166,0
2020-11-16,09:59:00,1261.6,1268,1266,1259.8,626,0
2020-11-16,10:59:00,1266,1266.4,1263.6,1263.2,226,0
2020-11-16,11:59:00,1264,1264.2,1262,1261.4,180,0
2020-11-16,12:59:00,1262,1263.2,1262.6,1260.8,231,0
2020-11-16,13:45:00,1263,1264.8,1263.4,1261.8,250,0
2020-11-17,08:59:00,1275.2,1275.2,1267.8,1265.2,102,0
2020-11-17,09:59:00,1267.8,1267.8,1263,1261.2,438,0
2020-11-17,10:59:00,1262.8,1264.4,1264.4,1262.4,174,0
2020-11-17,11:59:00,1264,1265.2,1265.2,1263.8,82,0
2020-11-17,12:58:00,1265.6,1265.8,1262.6,1262,85,0
2020-11-17,13:45:00,1262.2,1264.4,1262.8,1262,127,0
2020-11-18,08:57:00,1265.4,1267.2,1266.6,1265.4,25,0
2020-11-18,09:59:00,1266.6,1270.6,1269.8,1265.8,200,0
2020-11-18,10:59:00,1269.6,1271.2,1270.6,1268.6,123,0
2020-11-18,11:59:00,1270,1271.4,1271.2,1269.2,99,0
2020-11-18,12:59:00,1271,1272.6,1270.4,1268.8,102,0
2020-11-18,13:30:00,1270.4,1271,1271,1270,84,0
2020-11-19,08:59:00,1266.8,1267.8,1266,1265.6,101,0
2020-11-19,09:58:00,1266.2,1267.4,1264.8,1263.2,315,0
2020-11-19,10:59:00,1265,1265,1259.8,1259.4,165,0
2020-11-19,11:57:00,1259.8,1261,1260.8,1258.4,132,0
2020-11-19,12:58:00,1261,1262,1261.4,1260.2,113,0
2020-11-19,13:45:00,1261.2,1262.4,1261.4,1260.2,121,0
2020-11-20,08:59:00,1260,1260,1259.8,1258.2,59,0
2020-11-20,09:59:00,1259.6,1259.8,1255.8,1252.4,272,0
2020-11-20,10:59:00,1255.2,1255.2,1252.2,1251.2,153,0
2020-11-20,11:59:00,1252.2,1253.8,1252.6,1251.6,86,0
2020-11-20,12:59:00,1252.6,1253.8,1253.2,1252.4,45,0
2020-11-20,13:45:00,1252.8,1256.8,1255.4,1252.2,131,1
2020-11-23,08:59:00,1256.6,1263.8,1263.8,1256.6,72,0
2020-11-23,09:59:00,1264,1269.4,1267.4,1261,497,0
2020-11-23,10:57:00,1266.8,1266.8,1263.8,1262.6,185,0
2020-11-23,11:58:00,1264.4,1267.2,1265.2,1263.6,119,0
2020-11-23,12:57:00,1265,1265,1264.2,1263.4,65,0
2020-11-23,13:45:00,1264.8,1267.4,1266.8,1264.6,103,0
2020-11-24,08:59:00,1269.8,1270.8,1269.2,1269.2,36,0
2020-11-24,09:59:00,1269.2,1269.4,1261.4,1261.2,299,0
2020-11-24,10:57:00,1261.2,1263.4,1263,1260.2,91,0
2020-11-24,11:58:00,1262.6,1262.8,1261.6,1261.6,66,0
2020-11-24,12:59:00,1261.6,1262,1258.2,1257.8,115,0
2020-11-24,13:45:00,1258,1260,1260,1257.8,64,1
2020-11-25,08:59:00,1266.8,1268.8,1268.2,1266.6,54,0
2020-11-25,09:57:00,1268,1268.2,1264.4,1263.8,240,0
2020-11-25,10:59:00,1264.8,1266.4,1262.2,1262,132,0
2020-11-25,11:58:00,1262.2,1265.2,1260.4,1258.8,465,0
2020-11-25,12:58:00,1260,1260.4,1258.8,1258,106,0
2020-11-25,13:45:00,1259.2,1261,1258.8,1257.4,136,0
2020-11-26,08:59:00,1262,1262,1259.2,1259,30,0
2020-11-26,09:59:00,1259.2,1260.6,1258.4,1255.4,230,0
2020-11-26,10:57:00,1258.6,1262.4,1261.6,1258.4,134,0
2020-11-26,11:59:00,1261.4,1261.4,1258.2,1256.8,106,0
2020-11-26,12:58:00,1258.2,1261,1260.6,1258.2,88,0
2020-11-26,13:45:00,1260.8,1261.8,1261.4,1259.2,159,0
2020-11-27,08:58:00,1260.2,1260.2,1256.8,1256.6,49,0
2020-11-27,09:58:00,1256.2,1258,1255.8,1255.4,277,0
2020-11-27,10:55:00,1255.4,1256.2,1254.6,1253.2,224,0
2020-11-27,11:59:00,1254.6,1259,1259,1254.4,136,0
2020-11-27,12:59:00,1259,1259,1256.8,1255.8,242,0
2020-11-27,13:45:00,1256.8,1258.2,1258.2,1256.4,148,0
2020-11-30,08:59:00,1260,1262,1261,1259.8,59,0
2020-11-30,09:58:00,1260.8,1265.6,1260.8,1258.8,442,0
2020-11-30,10:59:00,1261,1261,1260,1258.8,131,0
2020-11-30,11:59:00,1259.8,1260.8,1256.8,1256.4,200,0
2020-11-30,12:58:00,1257,1257.2,1254.8,1254.2,126,0
2020-11-30,13:45:00,1254.6,1254.6,1247.8,1246.8,358,0
2020-12-01,08:59:00,1252,1255,1253.8,1251,49,0
2020-12-01,09:59:00,1254,1254,1247.4,1246.8,284,0
2020-12-01,10:59:00,1247.2,1249.4,1248.4,1246.4,101,0
2020-12-01,11:59:00,1249.2,1251,1250.4,1249.2,101,0
2020-12-01,12:59:00,1250.4,1252,1251.8,1250.2,44,0
2020-12-01,13:45:00,1251.6,1252.6,1252.2,1250.4,114,0
2020-12-02,08:59:00,1251.2,1254.2,1252.8,1251.2,68,0
2020-12-02,09:59:00,1252.4,1252.6,1248.6,1246,344,0
2020-12-02,10:58:00,1248.8,1251.4,1250,1248.2,134,0
2020-12-02,11:59:00,1250,1250.4,1249.2,1249,65,0
2020-12-02,12:59:00,1249,1250.8,1250.6,1249,46,0
2020-12-02,13:45:00,1251,1252.8,1251.8,1250.2,108,0
2020-12-03,08:59:00,1254.8,1254.8,1250.8,1250.8,63,0
2020-12-03,09:59:00,1251.6,1253,1252.8,1245.6,286,0
2020-12-03,10:59:00,1252.4,1253.6,1252,1250.8,177,0
2020-12-03,11:59:00,1251.8,1254.4,1252.4,1251.8,130,0
2020-12-03,12:59:00,1252.4,1252.4,1251.8,1251,74,0
2020-12-03,13:45:00,1251.8,1255.6,1255.4,1251.2,84,0
2020-12-04,08:59:00,1255.2,1257.8,1256.4,1254.2,67,0
2020-12-04,09:59:00,1256.8,1257.6,1255.8,1253.8,252,0
2020-12-04,10:59:00,1255.8,1259,1255.4,1255.4,215,0
2020-12-04,11:47:00,1255.4,1255.8,1255.8,1254.4,47,0
2020-12-04,12:59:00,1255.6,1258.8,1258.4,1255.4,80,0
2020-12-04,13:45:00,1258.4,1259.8,1258.8,1257.6,160,0
2020-12-07,08:59:00,1260.6,1264,1260.6,1259.8,141,0
2020-12-07,09:59:00,1260.8,1261.2,1254.8,1253.4,457,0
2020-12-07,10:59:00,1254.8,1256.4,1255,1254,99,0
2020-12-07,11:59:00,1254.4,1255,1252,1251.8,153,0
2020-12-07,12:59:00,1252.2,1254.6,1254.4,1252,73,0
2020-12-07,13:45:00,1253.6,1258.6,1258,1253,150,0
2020-12-08,08:59:00,1252.4,1255.8,1248.4,1247.4,52,0
2020-12-08,09:58:00,1248.6,1249,1244.4,1238.6,446,0
2020-12-08,10:56:00,1244,1244.8,1242.6,1242,95,0
2020-12-08,11:59:00,1242.8,1243.8,1241,1237.8,231,0
2020-12-08,12:59:00,1241.2,1242.4,1242.4,1241,109,0
2020-12-08,13:45:00,1242.4,1246.4,1246,1242,252,0
2020-12-09,08:59:00,1243.8,1248.8,1245.2,1243.4,70,0
2020-12-09,09:59:00,1245.4,1245.4,1240.4,1237.8,254,0
2020-12-09,10:59:00,1240.2,1242.8,1242.6,1239.6,118,0
2020-12-09,11:58:00,1242.6,1244.2,1242.8,1241.8,151,0
2020-12-09,12:59:00,1243,1244.8,1244.8,1242.6,66,0
2020-12-09,13:45:00,1245,1245.2,1244.2,1242.6,113,0
2020-12-10,08:58:00,1235.2,1245,1242.2,1235,50,0
2020-12-10,09:59:00,1242.2,1248.8,1248.2,1238.8,521,0
2020-12-10,10:59:00,1248.6,1252.8,1250,1248.4,418,0
2020-12-10,11:59:00,1249.2,1250.8,1247.2,1246.4,133,0
2020-12-10,12:58:00,1247.6,1249.8,1248.8,1246.4,162,0
2020-12-10,13:45:00,1249.4,1250,1248.4,1247,162,0
2020-12-11,08:59:00,1252,1255,1252.2,1250.6,111,1
2020-12-11,09:59:00,1252.4,1271,1266.8,1252.4,941,0
2020-12-11,10:59:00,1266.8,1266.8,1260.6,1260.4,214,0
2020-12-11,11:59:00,1260.6,1261.6,1261.6,1258.8,191,0
2020-12-11,12:59:00,1262,1263.2,1261.8,1261.4,145,0
2020-12-11,13:45:00,1261.6,1261.6,1258,1257.2,441,0
2020-12-14,08:59:00,1261.6,1262.8,1261.4,1260.8,116,0
2020-12-14,09:59:00,1261,1267.2,1260.6,1259.8,495,0
2020-12-14,10:58:00,1261.2,1261.8,1260.8,1260.2,87,0
2020-12-14,11:59:00,1260.6,1261.8,1258.8,1257.6,202,0
2020-12-14,12:58:00,1258.8,1261,1261,1258.6,156,0
2020-12-14,13:45:00,1261.2,1261.2,1260.2,1259.2,127,0
2020-12-15,08:59:00,1258.8,1258.8,1254.6,1251.2,75,0
2020-12-15,09:59:00,1255,1255,1248.4,1247,663,0
2020-12-15,10:53:00,1248.4,1248.4,1246,1241.8,317,0
2020-12-15,11:59:00,1245,1246.4,1242.4,1242.2,131,0
2020-12-15,12:53:00,1242.4,1244.4,1243,1241.6,189,0
2020-12-15,13:45:00,1243,1250,1249,1243,201,0
2020-12-16,08:58:00,1252.8,1253.8,1252.4,1252,40,0
2020-12-16,09:57:00,1252,1257,1256.8,1251,179,0
2020-12-16,10:59:00,1257,1260,1259.6,1255.8,153,0
2020-12-16,11:59:00,1259.6,1260,1259.6,1257.6,155,0
2020-12-16,12:59:00,1259.6,1260.4,1259.8,1257.8,164,0
2020-12-16,13:30:00,1258.8,1261,1260,1258.8,147,0
2020-12-17,08:59:00,1249.6,1249.6,1247.4,1245.8,107,0
2020-12-17,09:59:00,1247.8,1248.6,1244.2,1243.4,348,0
2020-12-17,10:58:00,1244.6,1246.4,1246,1242.2,200,0
2020-12-17,11:59:00,1246,1246.8,1246,1245,59,0
2020-12-17,12:59:00,1245.8,1248.6,1248.6,1245,50,0
2020-12-17,13:45:00,1248.4,1249.4,1248.6,1247.4,137,0
2020-12-18,08:59:00,1248.6,1249.4,1248.6,1248.2,44,0
2020-12-18,09:59:00,1248.8,1250.8,1248.4,1245.8,201,0
2020-12-18,10:58:00,1248.6,1248.8,1247,1245.8,59,0
2020-12-18,11:59:00,1247,1248,1246.2,1246,59,0
2020-12-18,12:59:00,1246.2,1246.8,1244.8,1244.8,64,0
2020-12-18,13:45:00,1244.8,1247.2,1245,1244.2,120,0
2020-12-21,08:59:00,1244.6,1250,1247.2,1244.6,87,0
2020-12-21,09:58:00,1247.2,1251.4,1239,1235.4,600,1
2020-12-21,10:59:00,1239.2,1246.2,1246.2,1239.2,200,0
2020-12-21,11:59:00,1246.4,1249.2,1248.2,1246.2,143,0
2020-12-21,12:59:00,1248.4,1252.4,1251.6,1246.6,185,0
2020-12-21,13:45:00,1251.4,1255,1255,1251,92,0
2020-12-22,08:59:00,1252.8,1253.8,1249.6,1248.2,53,0
2020-12-22,09:56:00,1250,1250.6,1248,1245,258,0
2020-12-22,10:59:00,1248.6,1250.6,1249.8,1247.6,116,0
2020-12-22,11:51:00,1249.8,1250,1249.2,1248.6,81,0
2020-12-22,12:59:00,1249.8,1249.8,1248.4,1247.8,114,0
2020-12-22,13:45:00,1248.4,1248.8,1244.2,1243.6,265,0
2020-12-23,08:58:00,1246,1246,1243.6,1243,22,0
2020-12-23,09:59:00,1243.2,1244.2,1243.2,1236.2,266,0
2020-12-23,10:55:00,1243.6,1243.6,1242.6,1241.8,114,0
2020-12-23,11:56:00,1243,1244.8,1243.2,1242.4,82,0
2020-12-23,12:57:00,1243.2,1245,1244.8,1243.2,62,0
2020-12-23,13:45:00,1244.8,1244.8,1241,1241,107,0
2020-12-24,08:59:00,1245,1246.8,1246.4,1245,55,0
2020-12-24,09:59:00,1246.4,1249.8,1248.4,1245.8,437,0
2020-12-24,10:58:00,1248,1251.2,1248.8,1247.2,161,0
2020-12-24,11:58:00,1249.4,1250,1249,1248.2,61,0
2020-12-24,12:58:00,1249,1249,1248,1247.8,43,0
2020-12-24,13:45:00,1247.6,1248.4,1247.8,1247,114,0
2020-12-25,08:58:00,1249,1249.6,1249.4,1248.6,34,0
2020-12-25,09:59:00,1249.6,1251,1249,1246.4,239,0
2020-12-25,10:57:00,1248.8,1251.6,1250.8,1248.8,64,0
2020-12-25,11:59:00,1250.6,1251.2,1245.8,1245.4,224,0
2020-12-25,12:53:00,1246,1247.2,1246.4,1245.4,60,0
2020-12-25,13:45:00,1246.6,1247.6,1247,1246.2,84,0
2020-12-28,08:59:00,1247.6,1248.2,1248.2,1246.4,29,0
2020-12-28,09:59:00,1248.4,1251.6,1246.8,1246.4,446,0
2020-12-28,10:59:00,1247.2,1249,1248.6,1244.8,346,0
2020-12-28,11:58:00,1248.2,1249.2,1249.2,1248,113,0
2020-12-28,12:58:00,1249.2,1253.6,1252.8,1249.2,147,0
2020-12-28,13:45:00,1253.2,1254.2,1253,1252.4,82,0
2020-12-29,08:59:00,1254.8,1259.2,1255.8,1253.8,94,0
2020-12-29,09:59:00,1255.4,1258,1252.8,1252.8,363,0
2020-12-29,10:59:00,1253.2,1255.4,1255.4,1252,98,0
2020-12-29,11:56:00,1255.4,1256,1255.2,1254.6,106,0
2020-12-29,12:59:00,1255.4,1257,1256.8,1255.4,103,0
2020-12-29,13:45:00,1257,1257.8,1257,1255.8,98,0
2020-12-30,08:59:00,1255.8,1258,1257.2,1254.4,24,0
2020-12-30,09:58:00,1257.2,1265,1263.4,1257.2,423,1
2020-12-30,10:59:00,1263.6,1273.2,1272.8,1262.8,385,1
2020-12-30,11:59:00,1272.6,1285.6,1282,1272.2,1008,0
2020-12-30,12:59:00,1282,1282,1281.2,1279.4,255,0
2020-12-30,13:45:00,1281.6,1285,1282.6,1281.6,439,0
2020-12-31,08:59:00,1285.8,1288.4,1287.6,1285.6,144,0
2020-12-31,09:59:00,1287.6,1288.2,1280.2,1276.8,649,0
2020-12-31,10:59:00,1280.2,1281,1277.6,1277,278,0
2020-12-31,11:59:00,1277.6,1280,1280,1277.4,113,0
2020-12-31,12:57:00,1280,1281,1279.6,1279.4,136,0
2020-12-31,13:45:00,1279.6,1280.6,1279,1278.4,196,0
2021-01-04,08:59:00,1280,1280,1277,1275.6,85,0
2021-01-04,09:59:00,1277,1277,1270.4,1263,1169,0
2021-01-04,10:58:00,1270.6,1274.4,1273.8,1270.2,249,0
2021-01-04,11:58:00,1273.4,1277.6,1277,1272.8,222,0
2021-01-04,12:58:00,1277,1279.4,1275.2,1274.4,231,0
2021-01-04,13:45:00,1275,1275.2,1269.6,1269.2,325,0
2021-01-05,08:59:00,1269,1269.6,1268.4,1262.6,172,0
2021-01-05,09:59:00,1268.4,1271.8,1271,1266.2,319,0
2021-01-05,10:59:00,1271.4,1273.6,1273,1270.2,186,0
2021-01-05,11:59:00,1272.8,1274.6,1273.2,1272.2,107,0
2021-01-05,12:58:00,1273.2,1273.6,1273.4,1271.8,94,0
2021-01-05,13:45:00,1273.6,1278,1277.4,1273.6,186,0
2021-01-06,08:59:00,1281,1283.4,1278.8,1277.4,118,0
2021-01-06,09:59:00,1279,1279.8,1276.8,1272.8,731,0
2021-01-06,10:58:00,1277,1279,1276.6,1276.6,149,0
2021-01-06,11:59:00,1277,1277,1269.4,1269,455,0
2021-01-06,12:57:00,1268.6,1271.8,1269.4,1263.4,329,0
2021-01-06,13:45:00,1269.8,1269.8,1268.4,1266,119,1
2021-01-07,08:59:00,1278.4,1279.8,1278.4,1277.4,169,0
2021-01-07,09:59:00,1278.2,1282.6,1281.2,1277.8,803,0
2021-01-07,10:59:00,1281,1281,1280.6,1278,218,0
2021-01-07,11:57:00,1280.6,1281.8,1280,1279.4,182,0
2021-01-07,12:57:00,1280.4,1281.8,1281.8,1279.4,92,0
2021-01-07,13:45:00,1281.8,1285.2,1283,1281.2,271,0
2021-01-08,08:58:00,1289.6,1291.2,1288,1286.6,126,0
2021-01-08,09:59:00,1288,1291.2,1283.4,1282,477,0
2021-01-08,10:57:00,1283.2,1287.8,1285.8,1281.8,204,1
2021-01-08,11:59:00,1285.4,1301.2,1299,1285.4,569,0
2021-01-08,12:59:00,1299,1303.2,1296.2,1294.6,467,0
2021-01-08,13:45:00,1296,1298.4,1297.4,1294.4,337,0
2021-01-11,08:59:00,1298.4,1305.8,1302,1296.4,304,0
2021-01-11,09:59:00,1302,1310.4,1303.8,1300.2,1070,0
2021-01-11,10:59:00,1303.6,1303.6,1299.2,1296.8,498,0
2021-01-11,11:59:00,1299.4,1301.2,1296.2,1292.6,291,0
2021-01-11,12:59:00,1296.4,1297,1294.2,1293.4,207,0
2021-01-11,13:45:00,1294.4,1300.4,1299,1294.4,235,0
2021-01-12,08:59:00,1302.2,1302.4,1301.2,1297.8,54,0
2021-01-12,09:58:00,1301,1304.8,1296.4,1294,447,0
2021-01-12,10:59:00,1296.4,1296.8,1292.2,1290.8,229,0
2021-01-12,11:59:00,1292.4,1292.4,1289,1286.4,307,0
2021-01-12,12:58:00,1289,1290.4,1289.4,1288.4,160,0
2021-01-12,13:45:00,1289.6,1289.8,1287.2,1286.2,197,0
2021-01-13,08:59:00,1289.6,1293.8,1293,1289.6,58,0
2021-01-13,09:59:00,1293,1297.4,1296.2,1290.6,420,0
2021-01-13,10:59:00,1296.4,1301,1299.4,1295.6,298,0
2021-01-13,11:59:00,1299.6,1299.8,1296.6,1295.6,182,0
2021-01-13,12:59:00,1296.6,1298.2,1296.2,1295.6,114,0
2021-01-13,13:45:00,1296.4,1298.6,1294.6,1294.4,250,0
2021-01-14,08:59:00,1297.8,1299.2,1298,1296.4,101,0
2021-01-14,09:59:00,1298.4,1299.2,1293.8,1291.4,367,0
2021-01-14,10:57:00,1293.8,1293.8,1292,1291.6,87,0
2021-01-14,11:59:00,1292.6,1293.2,1293.2,1291.8,74,0
2021-01-14,12:59:00,1293.2,1293.6,1292.2,1292,44,0
2021-01-14,13:45:00,1292.2,1294.6,1292.6,1291.2,125,0
2021-01-15,08:59:00,1296.4,1297.4,1293.4,1293.4,80,0
2021-01-15,09:59:00,1294.4,1294.4,1283.6,1282,629,0
2021-01-15,10:59:00,1283.6,1286.8,1286,1283.6,101,0
2021-01-15,11:59:00,1285.8,1286.6,1283.8,1283.8,132,0
2021-01-15,12:59:00,1284.4,1284.8,1282.2,1280.4,351,0
2021-01-15,13:45:00,1282.2,1282.6,1280,1277.8,271,0
2021-01-18,08:59:00,1280,1280.4,1277.8,1275.4,111,0
2021-01-18,09:59:00,1278.8,1279.4,1270.4,1266,658,0
2021-01-18,10:59:00,1269.8,1271.6,1268.4,1267,230,0
2021-01-18,11:59:00,1269,1271.6,1268.4,1268.2,136,0
2021-01-18,12:59:00,1268.4,1269,1268.2,1265.4,141,0
2021-01-18,13:45:00,1269,1271.6,1270,1267,206,0
2021-01-19,08:59:00,1270.2,1274.2,1272,1270,30,0
2021-01-19,09:59:00,1271.8,1278.8,1276.4,1270,330,0
2021-01-19,10:59:00,1276.2,1277,1274.6,1272.2,83,0
2021-01-19,11:57:00,1275,1275.8,1273,1272.2,79,0
2021-01-19,12:59:00,1273.6,1274,1274,1272.2,154,0
2021-01-19,13:45:00,1274,1274.4,1271.2,1270.6,170,0
2021-01-20,08:59:00,1273,1273,1271.2,1270,21,0
2021-01-20,09:59:00,1270.8,1270.8,1258,1256.2,360,0
2021-01-20,10:58:00,1258,1261.6,1257.8,1256,249,0
2021-01-20,11:57:00,1257.2,1260,1258.2,1255.4,131,0
2021-01-20,12:58:00,1258.4,1258.4,1251.6,1251.4,124,0
2021-01-20,13:30:00,1251.8,1251.8,1246.8,1246.6,237,0
2021-01-21,08:59:00,1243.6,1249,1249,1243.6,94,0
2021-01-21,09:59:00,1249.6,1256.8,1253,1249.6,724,0
2021-01-21,10:59:00,1253.6,1257.2,1254,1253.4,260,0
2021-01-21,11:58:00,1254,1256,1249.2,1246.8,301,0
2021-01-21,12:59:00,1249.2,1250.2,1245.4,1245.4,154,0
2021-01-21,13:45:00,1245.8,1248,1245.8,1244.6,232,1
2021-01-22,08:59:00,1246.6,1253.2,1252.8,1241.4,283,0
2021-01-22,09:59:00,1253.2,1254.8,1245.8,1242.8,565,0
2021-01-22,10:59:00,1245.6,1245.6,1240.8,1239.4,435,0
2021-01-22,11:58:00,1240.6,1242.6,1241.8,1239.4,232,0
2021-01-22,12:59:00,1242.2,1243.4,1241.6,1241.4,105,0
2021-01-22,13:45:00,1241.6,1244.2,1243.4,1241.4,174,0
2021-01-25,08:59:00,1241.6,1246.4,1245.6,1241.6,74,0
2021-01-25,09:59:00,1245.8,1248.2,1246,1241.4,596,0
2021-01-25,10:59:00,1246.4,1254,1250.6,1246,326,0
2021-01-25,11:57:00,1250.6,1253,1252.4,1249.6,132,0
2021-01-25,12:58:00,1252.2,1253.2,1251.2,1250.4,56,0
2021-01-25,13:45:00,1251.2,1254.6,1253.2,1251,142,0
2021-01-26,08:59:00,1255,1255,1251.4,1251.4,75,0
2021-01-26,09:59:00,1251.6,1251.6,1245.4,1243,381,0
2021-01-26,10:59:00,1245.4,1245.6,1242.2,1241.8,247,0
2021-01-26,11:59:00,1242.2,1244.4,1243.2,1240,207,0
2021-01-26,12:59:00,1243.2,1243.8,1242.4,1240.8,120,0
2021-01-26,13:45:00,1242.4,1246.8,1244,1241,239,0
2021-01-27,08:59:00,1247.8,1250.4,1248.2,1247.2,103,0
2021-01-27,09:59:00,1248,1253.8,1247.2,1247.2,397,0
2021-01-27,10:59:00,1247.2,1247.6,1246,1245.2,192,0
2021-01-27,11:59:00,1245.6,1245.8,1243.8,1242,179,0
2021-01-27,12:58:00,1243.2,1244.6,1243.8,1242.6,55,0
2021-01-27,13:45:00,1244,1244.2,1244,1242,129,0
2021-01-28,08:59:00,1236.8,1236.8,1228.8,1226.8,156,1
2021-01-28,09:59:00,1228.2,1241,1238.2,1227.8,419,0
2021-01-28,10:59:00,1238.4,1239.8,1232.8,1229.8,257,0
2021-01-28,11:59:00,1232.6,1234,1232.2,1230.8,94,0
2021-01-28,12:59:00,1232.2,1235,1233,1230,130,0
2021-01-28,13:45:00,1233,1235.2,1235,1232.2,119,0
2021-01-29,08:59:00,1238.8,1239.4,1233.4,1229.4,148,0
2021-01-29,09:59:00,1233.4,1234,1230.8,1228.4,227,0
2021-01-29,10:59:00,1230.6,1231,1230.2,1227.6,180,0
2021-01-29,11:59:00,1230.6,1231.4,1227.8,1225.8,166,0
2021-01-29,12:59:00,1226.8,1227.2,1225,1223.4,118,0
2021-01-29,13:45:00,1224.2,1224.6,1215.2,1215.2,368,0
2021-02-01,08:58:00,1218,1221,1220.6,1218,60,1
2021-02-01,09:59:00,1220.8,1234.6,1227.8,1220.8,435,0
2021-02-01,10:56:00,1228.8,1231.4,1229.8,1226.8,145,0
2021-02-01,11:58:00,1229.8,1231.2,1230.8,1226.2,130,0
2021-02-01,12:59:00,1230.2,1230.4,1230.4,1228.2,111,0
2021-02-01,13:45:00,1229.6,1230.4,1227,1225.2,211,0
2021-02-02,08:59:00,1228.2,1228.4,1225.2,1222,158,1
2021-02-02,09:59:00,1225,1243.8,1243.2,1220.4,717,0
2021-02-02,10:59:00,1242.4,1244.6,1242.6,1239.6,283,0
2021-02-02,11:59:00,1242.4,1243,1241,1238.6,298,0
2021-02-02,12:59:00,1241,1241.8,1239.6,1238,273,0
2021-02-02,13:45:00,1239.4,1243,1242.4,1238.4,330,0
2021-02-03,08:59:00,1247,1250.6,1247.4,1245,190,0
2021-02-03,09:58:00,1247.2,1247.6,1240.8,1237.8,433,0
2021-02-03,10:59:00,1240.2,1241.8,1240.8,1239.6,96,0
2021-02-03,11:59:00,1240.6,1241.8,1241.8,1239.8,40,0
2021-02-03,12:59:00,1241.8,1243.8,1240.2,1240,91,0
2021-02-03,13:45:00,1240.4,1244.6,1244.2,1240,131,0
2021-02-04,08:59:00,1242.4,1246,1243.8,1240.2,74,0
2021-02-04,09:59:00,1244.2,1244.2,1243.8,1238.2,276,0
2021-02-04,10:59:00,1243.8,1247.2,1245.2,1242.4,189,0
2021-02-04,11:58:00,1245.6,1246.2,1243.6,1240.8,250,0
2021-02-04,12:59:00,1243.8,1244.8,1243.4,1241,177,0
2021-02-04,13:45:00,1242.8,1246.6,1240.2,1236.6,398,0
2021-02-05,08:58:00,1247.2,1249.6,1246.4,1246.2,50,0
2021-02-05,09:59:00,1246.8,1249.2,1248.6,1239.8,382,0
2021-02-05,10:59:00,1248.6,1254.6,1244.4,1243.2,456,0
2021-02-05,11:57:00,1244.8,1246.6,1243,1241.2,157,0
2021-02-05,12:59:00,1243.2,1245,1244.2,1242.4,288,0
2021-02-05,13:45:00,1244.2,1247.4,1246,1243.2,207,1
2021-02-17,08:59:00,1261.6,1261.6,1257.4,1255.2,102,1
2021-02-17,09:59:00,1257.4,1270.8,1265.6,1257.4,389,1
2021-02-17,10:59:00,1264.2,1279.4,1279,1264.2,168,0
2021-02-17,11:54:00,1279.4,1285,1280.4,1277.4,124,0
2021-02-17,12:57:00,1279.6,1279.8,1276.4,1272,58,0
2021-02-17,13:29:00,1276.4,1276.4,1271.4,1269.2,101,0
2021-02-18,08:59:00,1273,1274.8,1274.4,1273,72,0
2021-02-18,09:58:00,1274.6,1286.8,1280.2,1274.2,486,0
2021-02-18,10:59:00,1280.6,1286.6,1285.8,1279.4,180,0
2021-02-18,11:59:00,1286.6,1292,1283.6,1280.2,719,0
2021-02-18,12:59:00,1283.6,1284.8,1284.6,1280.2,162,0
2021-02-18,13:45:00,1284.6,1284.6,1282,1282,178,0
2021-02-19,08:59:00,1280.8,1282,1280.4,1278.2,37,0
2021-02-19,09:57:00,1281,1282.2,1273.6,1270.6,320,0
2021-02-19,10:59:00,1273.6,1274.2,1266.8,1266,310,0
2021-02-19,11:58:00,1265.6,1270.2,1269.2,1265.6,136,0
2021-02-19,12:58:00,1269.2,1272.6,1271.6,1268.4,106,0
2021-02-19,13:45:00,1271.8,1276,1275.2,1271.4,200,0
2021-02-22,08:59:00,1279,1282,1280.4,1279,56,0
2021-02-22,09:59:00,1280.2,1290.6,1282,1275,482,0
2021-02-22,10:59:00,1281.2,1282,1277.2,1276.8,245,0
2021-02-22,11:57:00,1277.8,1280.4,1279.6,1277,91,0
2021-02-22,12:58:00,1280,1281.4,1277.6,1277,111,0
2021-02-22,13:45:00,1277.6,1279.2,1278.6,1276.6,142,0
2021-02-23,08:59:00,1276.4,1283,1281.8,1276,94,1
2021-02-23,09:59:00,1281.8,1290,1289,1279,586,0
2021-02-23,10:59:00,1289.4,1293.4,1291.6,1287.4,432,0
2021-02-23,11:59:00,1291.6,1292.2,1291.6,1289.4,218,0
2021-02-23,12:59:00,1292,1300.4,1297.6,1291,493,0
2021-02-23,13:45:00,1297.8,1299.6,1299.4,1297.2,222,0
2021-02-24,08:59:00,1297,1300.8,1300,1295.2,126,1
2021-02-24,09:59:00,1299.4,1308.4,1307.4,1298.4,603,0
2021-02-24,10:59:00,1307.4,1307.4,1299,1297,326,0
2021-02-24,11:59:00,1299,1301.4,1295.8,1294,448,0
2021-02-24,12:59:00,1296.4,1298.4,1296.4,1293,214,0
2021-02-24,13:45:00,1296,1296.4,1292.4,1291.6,287,1
2021-02-25,08:59:00,1301,1304,1303.6,1300.2,112,0
2021-02-25,09:58:00,1303.4,1307.2,1302,1301.8,390,0
2021-02-25,10:59:00,1302,1310,1308.4,1302,343,0
2021-02-25,11:59:00,1308.8,1313.4,1313.2,1307.6,346,0
2021-02-25,12:59:00,1313.2,1316,1315.2,1313,303,0
2021-02-25,13:45:00,1315.8,1317.8,1314.2,1313,532,0
2021-02-26,08:59:00,1301,1302,1301.6,1295.2,170,0
2021-02-26,09:59:00,1301.4,1307.4,1295,1283.4,1049,0
2021-02-26,10:59:00,1293.8,1298.2,1290.8,1290,309,0
2021-02-26,11:59:00,1290.4,1292.4,1289.8,1287,219,0
2021-02-26,12:59:00,1290,1292.4,1289.6,1289,101,0
2021-02-26,13:45:00,1289.8,1294.2,1293.6,1286,384,1
2021-03-02,08:59:00,1301.4,1307.8,1301.2,1299,191,0
2021-03-02,09:59:00,1300.2,1302.6,1296,1295,380,0
2021-03-02,10:59:00,1296.2,1298.8,1292.8,1292.8,388,0
2021-03-02,11:59:00,1293,1294.4,1291.4,1290.6,332,0
2021-03-02,12:58:00,1291.4,1293.6,1288.4,1287.2,245,0
2021-03-02,13:45:00,1289,1289,1281.8,1281,381,1
2021-03-03,08:59:00,1287.8,1292.2,1290,1287,104,1
2021-03-03,09:59:00,1290,1301.6,1301.4,1290,616,0
2021-03-03,10:59:00,1301.6,1306,1305.8,1298.6,300,0
2021-03-03,11:59:00,1305,1305.8,1303.6,1303.6,182,0
2021-03-03,12:55:00,1304,1304,1300.2,1299,257,0
2021-03-03,13:45:00,1301.2,1303,1299.4,1299.2,277,0
2021-03-04,08:59:00,1299,1304.2,1303.8,1298.8,118,0
2021-03-04,09:59:00,1304,1304,1288.8,1288.4,553,0
2021-03-04,10:59:00,1291.2,1293,1284.2,1282.4,261,0
2021-03-04,11:59:00,1283.8,1289,1283.4,1283.4,122,1
2021-03-04,12:59:00,1283.4,1295.2,1294.6,1281.8,290,0
2021-03-04,13:45:00,1294.6,1297.8,1295.2,1294.2,228,0
2021-03-05,08:59:00,1289.6,1289.6,1287,1285.8,64,0
2021-03-05,09:59:00,1286.8,1290,1289.2,1283.8,459,1
2021-03-05,10:59:00,1289.8,1298.6,1296,1286.2,400,0
2021-03-05,11:59:00,1296,1302.2,1298.4,1295.4,257,0
2021-03-05,12:59:00,1298.8,1299.4,1294.6,1294.6,190,0
2021-03-05,13:45:00,1294.4,1298.6,1297.2,1294.2,166,0
2021-03-08,08:59:00,1301.8,1306.8,1303.2,1301.8,84,1
2021-03-08,09:59:00,1304.4,1315,1311.2,1300.6,706,0
2021-03-08,10:59:00,1311.4,1319,1305.2,1301,907,0
2021-03-08,11:55:00,1305.8,1306.6,1302,1299,245,0
2021-03-08,12:59:00,1302.4,1304.4,1304.4,1301,105,0
2021-03-08,13:45:00,1304.2,1306.2,1305,1299.6,398,0
2021-03-09,08:59:00,1311.8,1312,1309,1307,93,1
2021-03-09,09:59:00,1308,1324.6,1320.6,1308,902,1
2021-03-09,10:59:00,1321,1337.6,1334.8,1321,1277,0
2021-03-09,11:58:00,1334.4,1337.2,1332.4,1331,378,0
2021-03-09,12:59:00,1332.6,1334,1331.8,1329.4,201,0
2021-03-09,13:45:00,1332.6,1332.6,1328.2,1328,315,0
2021-03-10,08:59:00,1329.6,1332.8,1330.6,1329,141,0
2021-03-10,09:59:00,1330.8,1336.8,1332.2,1330.2,553,0
2021-03-10,10:58:00,1332.6,1335.6,1335,1331,270,0
2021-03-10,11:59:00,1334.8,1336.2,1336.2,1334.4,118,0
2021-03-10,12:59:00,1335.6,1338.4,1336,1333,257,0
2021-03-10,13:45:00,1336.2,1339.6,1339,1335,232,1
2021-03-11,08:59:00,1348.2,1356.2,1356.2,1348.2,209,1
2021-03-11,09:59:00,1355.8,1369,1367,1351.4,1120,0
2021-03-11,10:59:00,1367.6,1368.6,1355.8,1355.4,626,0
2021-03-11,11:59:00,1356,1356.2,1352.2,1351,414,0
2021-03-11,12:59:00,1352,1352.2,1342.8,1342.8,570,0
2021-03-11,13:45:00,1343,1347.4,1345.2,1341.2,286,0
2021-03-12,08:59:00,1348.6,1348.8,1347,1344.4,106,0
2021-03-12,09:59:00,1347.8,1349.8,1346.8,1339,565,0
2021-03-12,10:59:00,1346.6,1349,1346.4,1345,169,0
2021-03-12,11:59:00,1346.8,1350.2,1347.2,1346.6,118,0
2021-03-12,12:59:00,1347.6,1350.4,1350,1347.2,91,0
2021-03-12,13:45:00,1350.4,1352.6,1352.6,1349.6,161,0
2021-03-15,08:59:00,1357.8,1357.8,1352.8,1351.8,122,1
2021-03-15,09:59:00,1353,1366.8,1363,1353,652,0
2021-03-15,10:59:00,1363.6,1365.4,1362.2,1361,175,0
2021-03-15,11:58:00,1363,1368.4,1367,1361,191,0
2021-03-15,12:59:00,1367.6,1368,1366.6,1365.4,185,0
2021-03-15,13:45:00,1366.6,1368,1368,1364.2,209,0
2021-03-16,08:58:00,1368,1368,1366.8,1365.4,21,0
2021-03-16,09:59:00,1366.6,1372,1368,1363.8,315,0
2021-03-16,10:56:00,1367.6,1367.6,1366.8,1365.2,60,0
2021-03-16,11:59:00,1367,1369.6,1368.8,1366.6,121,0
2021-03-16,12:57:00,1367.8,1368,1366.8,1364.2,117,0
2021-03-16,13:45:00,1367,1369.8,1368.4,1367,107,0
2021-03-17,08:56:00,1367,1367,1366,1366,10,0
2021-03-17,09:59:00,1366.6,1366.6,1360.8,1359.8,193,0
2021-03-17,10:59:00,1360.6,1361.8,1359.6,1359.4,111,0
2021-03-17,11:58:00,1359.8,1360,1359.6,1358.2,130,0
2021-03-17,12:55:00,1359.6,1360,1355.2,1352,157,0
2021-03-17,13:30:00,1353,1354.6,1353.6,1352.2,134,0
2021-03-18,08:59:00,1355.8,1357.6,1356.4,1355.6,203,0
2021-03-18,09:58:00,1356.8,1363,1360.4,1355,620,0
2021-03-18,10:59:00,1360.2,1360.8,1356.4,1354.2,315,0
2021-03-18,11:59:00,1357,1357,1353,1353,189,0
2021-03-18,12:58:00,1352.8,1353.6,1350.8,1349.6,415,0
2021-03-18,13:45:00,1350.8,1351.4,1348.2,1347.6,230,0
2021-03-19,08:59:00,1351.2,1351.4,1350,1349,100,0
2021-03-19,09:59:00,1350.2,1350.4,1344.6,1342.2,587,0
2021-03-19,10:58:00,1344.6,1344.6,1335.2,1334.4,438,0
2021-03-19,11:59:00,1335.2,1339,1334.8,1332,184,1
2021-03-19,12:57:00,1335.4,1342.4,1341.8,1334.8,157,0
2021-03-19,13:45:00,1341.6,1341.8,1339.2,1338.2,148,0
2021-03-22,08:58:00,1335.6,1340.2,1338.4,1335.6,94,1
2021-03-22,09:59:00,1338.4,1348.6,1345.4,1331.8,620,0
2021-03-22,10:59:00,1345.8,1347,1345,1343.4,155,0
2021-03-22,11:55:00,1344.2,1346,1345,1343,68,0
2021-03-22,12:58:00,1345,1347.2,1345.8,1343.8,110,0
2021-03-22,13:45:00,1345.6,1346,1343.8,1342.6,177,0
2021-03-23,08:59:00,1348,1349.6,1347.2,1346.2,97,0
2021-03-23,09:58:00,1347.6,1355.4,1351.8,1344.4,649,0
2021-03-23,10:58:00,1351.6,1354.6,1353.6,1349.4,220,0
2021-03-23,11:59:00,1353.6,1354.6,1354,1352.6,73,0
2021-03-23,12:58:00,1354,1357.4,1353.8,1353.2,190,0
2021-03-23,13:45:00,1353.8,1357,1357,1353.2,171,0
2021-03-24,08:59:00,1356.2,1357.6,1354.6,1354.6,120,0
2021-03-24,09:58:00,1354,1363,1361.2,1353,1271,0
2021-03-24,10:58:00,1361.2,1361.2,1357.4,1356.6,178,0
2021-03-24,11:54:00,1357.6,1358,1358,1354,78,0
2021-03-24,12:59:00,1357.8,1358.2,1357.6,1356,49,0
2021-03-24,13:45:00,1357.6,1359.2,1359,1355.2,109,0
2021-03-25,08:57:00,1362,1362.4,1358.8,1355.8,55,0
2021-03-25,09:59:00,1358.6,1364.4,1364.4,1357.4,359,0
2021-03-25,10:59:00,1363.8,1371,1368,1363,430,0
2021-03-25,11:58:00,1368.6,1370,1368.6,1367.2,195,0
2021-03-25,12:59:00,1368.6,1369.4,1368.6,1366.6,136,0
2021-03-25,13:45:00,1368.6,1373,1372.6,1368.6,243,0
2021-03-26,08:59:00,1375.6,1379.8,1378.6,1374.2,130,0
2021-03-26,09:59:00,1378.2,1378.2,1374.4,1371.4,473,0
2021-03-26,10:58:00,1374.4,1379,1377.2,1373.8,198,0
2021-03-26,11:59:00,1377.4,1377.6,1374.2,1373.4,177,0
2021-03-26,12:59:00,1374.2,1376.8,1375.2,1374.2,98,0
2021-03-26,13:45:00,1375.6,1376.8,1375.6,1374.6,161,0
2021-03-29,08:59:00,1376.2,1381.8,1379.4,1376.2,151,0
2021-03-29,09:58:00,1379.4,1380.8,1377.4,1375.6,382,0
2021-03-29,10:59:00,1377.8,1383.6,1381.4,1377.4,207,0
2021-03-29,11:59:00,1381.4,1383.4,1383.4,1380.8,61,0
2021-03-29,12:56:00,1383,1383,1382,1380.8,65,0
2021-03-29,13:45:00,1381.2,1382.6,1380.8,1378.8,237,0
2021-03-30,08:59:00,1384.2,1384.2,1382.8,1382,74,0
2021-03-30,09:59:00,1383,1384.8,1379,1377.8,267,0
2021-03-30,10:59:00,1379.2,1383,1380,1379,164,0
2021-03-30,11:59:00,1379.6,1383.6,1383.2,1379.6,81,0
2021-03-30,12:59:00,1382.8,1387.6,1386.6,1382.8,158,1
2021-03-30,13:45:00,1386.6,1394.2,1394.2,1386.4,292,0
2021-03-31,08:59:00,1392.2,1398.6,1395,1392.2,135,0
2021-03-31,09:59:00,1395,1401.8,1397.2,1394.4,628,0
2021-03-31,10:59:00,1397.2,1397.6,1395.4,1394.2,219,0
2021-03-31,11:58:00,1395.6,1398.8,1396.2,1394.6,476,0
2021-03-31,12:59:00,1396,1396,1393.6,1392.4,104,0
2021-03-31,13:45:00,1393.8,1395.2,1395,1393,164,0
2021-04-01,08:59:00,1396,1399.8,1397.2,1394.4,103,0
2021-04-01,09:59:00,1397.2,1402,1392.8,1391.4,331,0
2021-04-01,10:59:00,1392.6,1395.8,1386.2,1386.2,474,0
2021-04-01,11:59:00,1386.8,1391.4,1391.4,1386.6,190,0
2021-04-01,12:59:00,1391.2,1391.6,1389.8,1388.6,88,0
2021-04-01,13:45:00,1390.2,1390.2,1388.4,1388,108,0
2021-04-06,08:59:00,1396.2,1396.4,1394.6,1393.6,77,0
2021-04-06,09:59:00,1395.4,1397.8,1391.8,1389.6,433,0
2021-04-06,10:53:00,1392.4,1392.4,1392.4,1390.2,93,0
2021-04-06,11:59:00,1392.2,1393.8,1391.4,1390.6,36,0
2021-04-06,12:59:00,1391,1393,1393,1390.8,70,0
2021-04-06,13:45:00,1393,1393.8,1390.6,1390.6,92,0
2021-04-07,08:56:00,1393,1394.6,1393.4,1391.4,23,0
2021-04-07,09:58:00,1392.8,1394.8,1389.4,1388.4,215,0
2021-04-07,10:59:00,1389.4,1391,1389.6,1389,68,0
2021-04-07,11:55:00,1390,1391,1390.2,1389.2,68,0
2021-04-07,12:59:00,1390.2,1391,1390,1390,82,0
2021-04-07,13:45:00,1390.2,1393.2,1392.8,1390.2,145,0
2021-04-08,08:59:00,1391,1392.2,1391.6,1389.4,16,0
2021-04-08,09:59:00,1390.4,1391.6,1388.2,1387.8,229,0
2021-04-08,10:59:00,1387.8,1389,1388,1383.8,290,0
2021-04-08,11:53:00,1388.4,1388.8,1387.6,1387.6,37,0
2021-04-08,12:59:00,1387.6,1388.6,1387.4,1387,53,0
2021-04-08,13:45:00,1387.8,1390.2,1388.2,1387.8,108,0
2021-04-09,08:59:00,1386.4,1390,1387.8,1386.4,48,0
2021-04-09,09:59:00,1388.2,1389.8,1382.2,1381.8,340,0
2021-04-09,10:58:00,1382,1383.4,1380.8,1379.6,135,0
2021-04-09,11:59:00,1381.4,1384.4,1381.2,1380.4,233,0
2021-04-09,12:57:00,1380.6,1382,1381.6,1379.2,157,0
2021-04-09,13:45:00,1382.2,1384.4,1383.4,1382,116,1
2021-04-12,08:59:00,1387.8,1398.8,1396.8,1387.8,132,0
2021-04-12,09:58:00,1396.4,1403.8,1401.6,1394.2,778,0
2021-04-12,10:59:00,1402.4,1412.2,1406.6,1402,629,0
2021-04-12,11:59:00,1406.8,1409.2,1408.6,1405.8,129,0
2021-04-12,12:57:00,1408.6,1408.6,1407.8,1406.6,96,0
2021-04-12,13:45:00,1407.8,1409.8,1408,1405.6,281,1
2021-04-13,08:59:00,1410,1419.8,1416.8,1410,189,0
2021-04-13,09:58:00,1417.4,1417.8,1415.6,1413,355,0
2021-04-13,10:59:00,1416,1416.6,1412.4,1410.8,239,0
2021-04-13,11:59:00,1412.8,1416,1415,1412.8,84,0
2021-04-13,12:59:00,1415,1415.6,1410.6,1409,173,0
2021-04-13,13:45:00,1410.2,1410.2,1405.6,1404.2,246,0
2021-04-14,08:58:00,1409,1409.6,1407.8,1407.2,36,0
2021-04-14,09:59:00,1407,1412,1408.4,1405.8,394,0
2021-04-14,10:59:00,1409,1409.6,1405.2,1403,166,0
2021-04-14,11:59:00,1405.4,1407,1406.2,1403,276,0
2021-04-14,12:59:00,1406,1408.8,1408,1404.2,146,0
2021-04-14,13:45:00,1408,1408.4,1406.8,1405.4,166,1
2021-04-15,08:59:00,1409.6,1416.4,1414.8,1409.6,123,1
2021-04-15,09:59:00,1414.6,1425,1422,1414.4,673,0
2021-04-15,10:59:00,1422.2,1422.2,1417.8,1417,194,0
2021-04-15,11:59:00,1417.8,1422.2,1422.2,1417.8,97,0
2021-04-15,12:59:00,1421.6,1425.4,1425.4,1421.6,170,0
2021-04-15,13:45:00,1425.2,1430.4,1429.2,1425.2,271,0
2021-04-16,08:59:00,1427.6,1434,1429.6,1427.2,124,0
2021-04-16,09:56:00,1429,1431.6,1428,1426,305,0
2021-04-16,10:57:00,1428,1432.4,1430,1427.2,146,0
2021-04-16,11:59:00,1430,1433.4,1430.6,1429.6,118,0
2021-04-16,12:59:00,1430.4,1436,1435.4,1430.2,223,0
2021-04-16,13:45:00,1435.4,1440.6,1439,1435.4,194,0
2021-04-19,08:59:00,1441.6,1444.8,1443,1441.6,127,1
2021-04-19,09:59:00,1443,1466.6,1463.4,1440.4,740,0
2021-04-19,10:59:00,1463.4,1470.2,1468.2,1462.8,439,0
2021-04-19,11:59:00,1468.2,1476,1475,1468.2,369,0
2021-04-19,12:59:00,1475,1477.4,1476.4,1473.6,231,0
2021-04-19,13:45:00,1476.6,1477.6,1475.8,1474.6,324,0
2021-04-20,08:59:00,1474.4,1480.4,1478.8,1474.4,99,0
2021-04-20,09:59:00,1479.4,1486,1471.4,1467,746,0
2021-04-20,10:59:00,1470.8,1470.8,1467.2,1457.2,628,0
2021-04-20,11:58:00,1467.8,1470.6,1470,1465.8,153,0
2021-04-20,12:59:00,1470.2,1471,1470.6,1468.2,89,0
2021-04-20,13:45:00,1470.8,1475.6,1475.4,1470.2,201,0
2021-04-21,08:59:00,1473,1473,1463.2,1462.6,65,0
2021-04-21,09:59:00,1463.2,1463.4,1456.8,1456.4,259,1
2021-04-21,10:59:00,1456.8,1466.4,1465.8,1456,140,0
2021-04-21,11:59:00,1466.2,1469.6,1465.2,1464,147,0
2021-04-21,12:57:00,1467,1469,1467.4,1465.6,100,0
2021-04-21,13:30:00,1467.6,1467.6,1464.8,1464.2,78,0
2021-04-22,08:58:00,1466.4,1469.6,1468.4,1466.4,118,0
2021-04-22,09:59:00,1468.6,1471.4,1465,1462.6,598,1
2021-04-22,10:59:00,1464.8,1475.2,1474,1463,447,0
2021-04-22,11:59:00,1474,1477.6,1470,1470,439,0
2021-04-22,12:59:00,1469.8,1471.2,1460.6,1457.4,706,0
2021-04-22,13:45:00,1461.2,1461.8,1460.6,1456.2,446,0
2021-04-23,08:59:00,1461,1467.8,1467.8,1460.6,133,0
2021-04-23,09:58:00,1468,1468.6,1457.6,1452.8,794,0
2021-04-23,10:59:00,1457.6,1462,1460.6,1456.8,143,0
2021-04-23,11:59:00,1460.8,1461,1458.2,1458.2,140,0
2021-04-23,12:59:00,1458.8,1462,1459.2,1458.6,127,0
2021-04-23,13:45:00,1460.2,1463.8,1462.2,1459.8,165,0
2021-04-26,08:59:00,1465,1470.2,1468.6,1464.6,141,1
2021-04-26,09:59:00,1468,1489.8,1486.4,1466.4,963,0
2021-04-26,10:59:00,1486.4,1490.8,1487,1483.8,273,0
2021-04-26,11:59:00,1487,1491.4,1488.4,1485.8,260,0
2021-04-26,12:58:00,1488.8,1490,1489.8,1487.2,184,0
2021-04-26,13:45:00,1489.2,1493.4,1492.2,1488.6,254,0
2021-04-27,08:59:00,1492,1492,1488,1487.8,97,0
2021-04-27,09:59:00,1487.6,1495.4,1492,1483,466,0
2021-04-27,10:59:00,1491.6,1493,1492.6,1488,200,0
2021-04-27,11:59:00,1492.6,1493.4,1490.4,1490,88,0
2021-04-27,12:58:00,1490.6,1495.8,1494.8,1488.8,297,0
2021-04-27,13:45:00,1495,1500,1499.8,1495,164,0
2021-04-28,08:59:00,1498,1504.8,1502.6,1496.8,155,0
2021-04-28,09:59:00,1502.4,1504,1498.6,1498.4,451,0
2021-04-28,10:58:00,1498.2,1498.4,1495.6,1493,210,0
2021-04-28,11:58:00,1496.2,1499.8,1497.8,1495.4,104,0
2021-04-28,12:59:00,1498.6,1499.2,1496.2,1496,76,0
2021-04-28,13:45:00,1496.2,1499.8,1499.8,1495.2,218,0
2021-04-29,08:59:00,1500.6,1502.8,1497.2,1494.6,184,0
2021-04-29,09:59:00,1497,1498,1490.6,1484.4,768,0
2021-04-29,10:59:00,1490.8,1502.4,1494.4,1490.8,618,0
2021-04-29,11:58:00,1494.6,1498.6,1494.4,1493.4,403,0
2021-04-29,12:59:00,1494.8,1495.8,1491.8,1491.2,155,0
2021-04-29,13:45:00,1491.6,1491.8,1487.8,1486,374,1
2021-05-03,08:59:00,1488.4,1508,1504.8,1488.4,346,0
2021-05-03,09:59:00,1505.2,1513.8,1504.4,1498.8,970,0
2021-05-03,10:57:00,1505.8,1507.6,1501.6,1501.2,235,0
2021-05-03,11:59:00,1502.4,1505.4,1505.4,1501.4,91,0
2021-05-03,12:59:00,1505,1505.2,1499.2,1498.8,248,0
2021-05-03,13:45:00,1499,1499,1489.4,1487.6,597,1
2021-05-04,08:59:00,1493.2,1499,1498.2,1493.2,90,0
2021-05-04,09:59:00,1498.2,1501.6,1481.4,1481.4,761,0
2021-05-04,10:59:00,1481.2,1482,1462,1448,1366,1
2021-05-04,11:59:00,1462.6,1475.6,1471.6,1461.2,453,0
2021-05-04,12:59:00,1470.6,1472,1471.2,1463.6,289,0
2021-05-04,13:45:00,1471.4,1473,1469.2,1463,290,0
2021-05-05,08:59:00,1466.4,1474.6,1473.8,1463.2,101,1
2021-05-05,09:59:00,1473.8,1485.6,1483,1467.2,575,0
2021-05-05,10:59:00,1482.4,1489.8,1489.8,1479.2,444,1
2021-05-05,11:59:00,1489.6,1498.6,1498.6,1483.8,492,0
2021-05-05,12:58:00,1499,1501,1496.8,1493,256,0
2021-05-05,13:45:00,1497.2,1498.4,1486.2,1485.4,486,1
2021-05-06,08:59:00,1495,1504.2,1502.6,1495,137,0
2021-05-06,09:59:00,1502.6,1514.8,1502.8,1498.4,752,0
2021-05-06,10:59:00,1502.6,1508.8,1500.4,1499.6,267,0
2021-05-06,11:58:00,1500.8,1502,1497.4,1486,411,0
2021-05-06,12:59:00,1497.4,1503.8,1500,1493.2,240,0
2021-05-06,13:45:00,1500,1507,1506,1498.6,211,1
2021-05-07,08:59:00,1513.2,1517.6,1515.2,1512.6,224,0
2021-05-07,09:59:00,1514.8,1519.6,1516.8,1508.2,777,0
2021-05-07,10:58:00,1517.2,1518,1514.8,1508.8,377,0
2021-05-07,11:59:00,1514,1516,1514.6,1511.2,128,0
2021-05-07,12:56:00,1514.6,1518.2,1517.6,1512,141,0
2021-05-07,13:45:00,1517.8,1519.6,1518.2,1516.8,223,1
2021-05-10,08:59:00,1527,1530.8,1529,1525.6,133,1
2021-05-10,09:59:00,1528,1555,1553.2,1522.2,2139,1
2021-05-10,10:59:00,1553,1567.6,1561,1551.8,1144,0
2021-05-10,11:59:00,1561,1570,1562.4,1554.2,562,0
2021-05-10,12:58:00,1562.4,1568.8,1565.8,1558.8,281,0
2021-05-10,13:45:00,1565.6,1567.6,1565.6,1561.8,370,0
2021-05-11,08:59:00,1553,1558.4,1552.6,1551.4,257,0
2021-05-11,09:59:00,1553.8,1570.6,1557,1551.4,1193,0
2021-05-11,10:59:00,1557,1561.8,1559,1545,675,0
2021-05-11,11:59:00,1559,1560.4,1548.2,1543.2,418,0
2021-05-11,12:59:00,1547.8,1551.8,1528.6,1526.2,705,0
2021-05-11,13:45:00,1529.6,1532.6,1532.6,1510.8,1023,0
2021-05-12,08:59:00,1530,1538.2,1526,1523.4,219,0
2021-05-12,09:59:00,1526,1528.4,1506,1506,1106,0
2021-05-12,10:59:00,1506.8,1509.6,1458.2,1456.2,1244,0
2021-05-12,11:59:00,1456.4,1466.2,1448.8,1401.2,1466,0
2021-05-12,12:59:00,1448.4,1456,1442,1416.2,1052,0
2021-05-12,13:45:00,1440.8,1455.8,1448.6,1435.4,477,0
2021-05-13,08:59:00,1437,1448.8,1443.2,1436.2,228,0
2021-05-13,09:59:00,1443,1454.6,1443.8,1411.8,1355,1
2021-05-13,10:59:00,1442.6,1453.6,1453.6,1433.8,572,0
2021-05-13,11:59:00,1452.2,1462,1438.2,1436.4,599,0
2021-05-13,12:59:00,1440.4,1444,1437.6,1434.4,323,0
2021-05-13,13:45:00,1438.8,1438.8,1430.8,1428.4,322,1
2021-05-14,08:59:00,1448.8,1468.2,1461.6,1448.8,195,0
2021-05-14,09:59:00,1460.8,1461.8,1448.6,1437.4,640,0
2021-05-14,10:59:00,1449.2,1452.4,1440.2,1434.8,346,1
2021-05-14,11:59:00,1440.4,1455.6,1448.4,1438,297,0
2021-05-14,12:59:00,1448.2,1449.2,1442.4,1438.2,279,0
2021-05-14,13:45:00,1442.4,1449.8,1445.6,1440.6,180,0
2021-05-17,08:59:00,1370,1410.2,1392.4,1368,307,1
2021-05-17,09:59:00,1391.4,1430,1420.4,1389.8,740,0
2021-05-17,10:59:00,1420.4,1422.6,1407,1395.2,415,0
2021-05-17,11:59:00,1404.4,1408,1395.2,1391.8,267,0
2021-05-17,12:59:00,1394.6,1401.2,1391,1378.6,474,0
2021-05-17,13:45:00,1391.4,1399.6,1385.8,1385,305,1
2021-05-18,08:59:00,1408,1421.6,1418.8,1408,148,1
2021-05-18,09:59:00,1418.8,1466.8,1460.8,1410.2,1283,0
2021-05-18,10:59:00,1461,1465,1464.6,1450.8,276,0
2021-05-18,11:59:00,1464.6,1469.8,1465.2,1460,447,0
2021-05-18,12:59:00,1465.6,1466.8,1465.4,1460,201,0
2021-05-18,13:45:00,1465.4,1471.4,1468,1464,214,0
2021-05-19,08:59:00,1462.4,1469.6,1462,1461,54,0
2021-05-19,09:59:00,1464.4,1474,1456.2,1447,267,0
2021-05-19,10:59:00,1458.4,1468,1459.6,1454,151,1
2021-05-19,11:59:00,1459.6,1470,1469.6,1458.8,94,0
2021-05-19,12:59:00,1469.8,1470.4,1463.6,1460.2,131,0
2021-05-19,13:29:00,1463,1464.2,1459.8,1458.2,85,0
2021-05-20,08:59:00,1456.8,1456.8,1448.6,1447.2,159,0
2021-05-20,09:58:00,1449,1453.8,1450.4,1440.6,827,0
2021-05-20,10:59:00,1446.2,1450.6,1441.6,1438.4,338,1
2021-05-20,11:59:00,1441,1453,1449,1440,295,0
2021-05-20,12:59:00,1449,1454,1451.8,1447.6,138,0
2021-05-20,13:45:00,1450.6,1452.6,1450,1448.2,153,1
2021-05-21,08:59:00,1468,1487,1478.4,1468,178,0
2021-05-21,09:59:00,1479.4,1496,1475.6,1474.2,886,0
2021-05-21,10:59:00,1475,1475.6,1462.6,1461.4,538,0
2021-05-21,11:59:00,1463,1471,1462,1461.2,266,1
2021-05-21,12:58:00,1462.8,1471,1470.2,1462.2,126,0
2021-05-21,13:45:00,1470,1472.8,1472,1469.2,134,0
2021-05-24,08:59:00,1450,1464.2,1459.4,1450,95,1
2021-05-24,09:59:00,1461.2,1469.8,1469.4,1454,539,0
2021-05-24,10:59:00,1470,1471.2,1467.6,1461.4,195,0
2021-05-24,11:57:00,1467.8,1469.8,1467.6,1466.6,258,0
2021-05-24,12:54:00,1466.8,1468.4,1468,1464.4,211,0
2021-05-24,13:45:00,1468,1469.4,1465.4,1465.4,123,0
2021-05-25,08:59:00,1477,1479,1471.2,1471.2,150,1
2021-05-25,09:59:00,1472,1486.6,1482.2,1471.8,619,0
2021-05-25,10:58:00,1483.4,1485.4,1481.6,1475.8,361,0
2021-05-25,11:59:00,1482.4,1483.8,1482.6,1480,146,0
2021-05-25,12:57:00,1481.4,1482.4,1481.4,1478.4,149,0
2021-05-25,13:45:00,1482.2,1483.8,1480,1479.4,159,1
2021-05-26,08:59:00,1484.8,1492.6,1490.2,1484.6,115,0
2021-05-26,09:59:00,1490,1490.4,1483.2,1482.4,601,0
2021-05-26,10:58:00,1482.6,1483,1481.4,1479,142,0
2021-05-26,11:59:00,1482,1483.4,1479.8,1479.2,177,0
2021-05-26,12:59:00,1479.8,1482.2,1481.6,1479,67,0
2021-05-26,13:45:00,1482.6,1485.6,1483,1482.6,197,0
2021-05-27,08:59:00,1482,1482,1462.4,1439,197,0
2021-05-27,09:58:00,1462.2,1471,1462.8,1459,701,0
2021-05-27,10:57:00,1462.4,1467.2,1466.2,1459.8,150,1
2021-05-27,11:59:00,1466.6,1475,1474.2,1466.6,192,0
2021-05-27,12:55:00,1473,1473.2,1471.4,1469.8,85,0
2021-05-27,13:45:00,1471.6,1478.6,1472.8,1468.2,176,1
2021-05-28,08:59:00,1485,1491.6,1489.6,1482.2,111,0
2021-05-28,09:59:00,1489.4,1498,1496.4,1479,713,0
2021-05-28,10:58:00,1496.8,1500,1495.8,1494.2,248,0
2021-05-28,11:56:00,1496,1497.8,1497,1494.8,71,0
2021-05-28,12:59:00,1497.2,1497.6,1496.8,1495.2,69,0
2021-05-28,13:45:00,1496.4,1498,1496.6,1493.8,178,0
2021-05-31,08:59:00,1497.8,1499,1499,1493.8,51,0
2021-05-31,09:59:00,1499,1503,1502,1496.2,455,0
2021-05-31,10:59:00,1502,1506.4,1505,1501,157,0
2021-05-31,11:59:00,1505,1507.6,1504,1503,113,0
2021-05-31,12:56:00,1504.4,1505,1497.4,1493.8,229,0
2021-05-31,13:45:00,1496.8,1502.2,1500,1496,123,0
2021-06-01,08:59:00,1504,1505.8,1505.8,1500.6,35,0
2021-06-01,09:59:00,1506,1510,1502,1495.4,462,0
2021-06-01,10:58:00,1501.4,1504.6,1500,1499.6,201,0
2021-06-01,11:59:00,1501.2,1505.8,1505,1500.8,130,0
2021-06-01,12:59:00,1504.4,1507,1506.2,1503,117,0
2021-06-01,13:45:00,1506.2,1509.8,1508.2,1506.2,156,0
2021-06-02,08:59:00,1512.8,1513,1510.4,1509.8,40,0
2021-06-02,09:59:00,1510.2,1517,1514,1509.8,371,0
2021-06-02,10:56:00,1514,1517.6,1515.4,1512.2,212,0
2021-06-02,11:59:00,1515.2,1515.2,1511.8,1507.4,307,0
2021-06-02,12:59:00,1511.4,1513,1513,1509.8,83,1
2021-06-02,13:45:00,1513.6,1523,1522.4,1513.6,285,0
2021-06-03,08:59:00,1529,1531.8,1528.8,1525,71,0
2021-06-03,09:59:00,1528.6,1528.6,1520.4,1518.2,344,0
2021-06-03,10:57:00,1520.4,1522.2,1517.2,1514.2,217,0
2021-06-03,11:53:00,1517.4,1517.4,1516.2,1513.2,89,0
2021-06-03,12:59:00,1516.6,1517,1515.4,1512,129,0
2021-06-03,13:45:00,1515.4,1516.6,1515.8,1513.8,135,0
2021-06-04,08:59:00,1511.8,1511.8,1505.6,1502,98,0
2021-06-04,09:58:00,1504.6,1507,1502,1498,456,0
2021-06-04,10:59:00,1502.6,1504.6,1500.8,1500,112,0
2021-06-04,11:59:00,1501,1505.8,1504.6,1499.8,104,0
2021-06-04,12:58:00,1504.6,1505.8,1505.4,1503,60,0
2021-06-04,13:45:00,1505.4,1505.8,1503.8,1502.6,121,0
2021-06-07,08:59:00,1507,1509.8,1508.4,1506.6,44,0
2021-06-07,09:59:00,1507.6,1507.8,1483.4,1476.6,672,1
2021-06-07,10:59:00,1484.2,1495.8,1494.6,1483.6,312,0
2021-06-07,11:58:00,1494.8,1503.2,1501,1494.8,203,0
2021-06-07,12:59:00,1501,1502.2,1498,1497.6,179,0
2021-06-07,13:45:00,1497.6,1500.2,1498.4,1495.4,151,0
2021-06-08,08:59:00,1504,1507,1504.4,1502.8,45,0
2021-06-08,09:59:00,1504.4,1511.8,1505,1502.6,285,0
2021-06-08,10:59:00,1504.4,1505.8,1501.4,1498.4,177,0
2021-06-08,11:59:00,1501.2,1501.2,1500.2,1498,78,0
2021-06-08,12:59:00,1500,1502.2,1501.2,1498.6,70,0
2021-06-08,13:45:00,1501,1506,1506,1500,152,0
2021-06-09,08:58:00,1501.8,1504.4,1501.8,1500,18,0
2021-06-09,09:57:00,1500.6,1502.8,1494.8,1493.2,237,0
2021-06-09,10:59:00,1495.8,1495.8,1493.2,1488.2,144,0
2021-06-09,11:59:00,1492.8,1494.8,1493.2,1490.8,79,0
2021-06-09,12:59:00,1493,1493,1490.2,1489,86,0
2021-06-09,13:45:00,1490.8,1494.8,1494.8,1489.8,111,0
2021-06-10,08:59:00,1497,1497,1496.2,1494.2,63,0
2021-06-10,09:59:00,1496.2,1502.8,1500,1488.4,400,0
2021-06-10,10:59:00,1500.6,1501.6,1493.4,1492.2,267,0
2021-06-10,11:59:00,1492.4,1494.6,1494.4,1491.4,85,0
2021-06-10,12:59:00,1494.2,1498.4,1495.8,1493.8,189,0
2021-06-10,13:45:00,1495.8,1498.8,1496.4,1495.8,154,0
2021-06-11,08:59:00,1491.2,1501.6,1501.4,1491.2,56,0
2021-06-11,09:59:00,1501.4,1505,1502.6,1495.4,307,0
2021-06-11,10:53:00,1502.6,1503,1498.4,1496.4,175,0
2021-06-11,11:58:00,1498.4,1498.6,1496.4,1494.2,111,0
2021-06-11,12:58:00,1496.4,1498.6,1498,1495.8,86,0
2021-06-11,13:45:00,1498,1498,1497,1496.4,102,0
2021-06-15,08:59:00,1501,1503,1501,1499.6,47,0
2021-06-15,09:59:00,1501.8,1501.8,1490.4,1490,208,0
2021-06-15,10:59:00,1490,1492.4,1490.8,1486.8,188,0
2021-06-15,11:58:00,1491.6,1494,1492,1490.4,69,0
2021-06-15,12:58:00,1492.8,1494.6,1493.4,1491.4,127,0
2021-06-15,13:45:00,1493.2,1494.6,1493.4,1492,101,0
2021-06-16,08:59:00,1492.4,1494.4,1492,1487.8,43,0
2021-06-16,09:58:00,1491.6,1493,1490.8,1487.8,116,0
2021-06-16,10:59:00,1490.6,1491.8,1490,1489,108,0
2021-06-16,11:59:00,1490.2,1491.8,1491.8,1488.6,138,0
2021-06-16,12:52:00,1491.2,1492,1488.8,1463,202,0
2021-06-16,13:30:00,1486.8,1489.2,1489,1485.2,119,0
2021-06-17,08:59:00,1483.8,1483.8,1476.2,1476.2,112,0
2021-06-17,09:59:00,1476.6,1479.8,1478.2,1471.4,413,0
2021-06-17,10:59:00,1478,1482.8,1482,1478,114,0
2021-06-17,11:57:00,1482.4,1485,1482.2,1481.6,111,0
2021-06-17,12:59:00,1483,1484,1483.4,1482.4,74,0
2021-06-17,13:45:00,1483.4,1487,1487,1482.8,131,0
2021-06-18,08:59:00,1481.4,1486,1483,1481.4,48,0
2021-06-18,09:59:00,1483.6,1483.6,1476.2,1473.2,423,0
2021-06-18,10:58:00,1476,1477.8,1475.6,1475,119,0
2021-06-18,11:58:00,1475.8,1478.2,1477,1475.2,74,0
2021-06-18,12:56:00,1477,1477.2,1476.2,1475,99,0
2021-06-18,13:45:00,1476.4,1477,1474.4,1474,96,0
2021-06-21,08:59:00,1465.4,1473,1471.4,1459,98,0
2021-06-21,09:59:00,1470.8,1473.6,1455.8,1451,667,0
2021-06-21,10:59:00,1455.6,1455.8,1454.4,1450,172,0
2021-06-21,11:59:00,1453.6,1455.6,1454.8,1449.4,196,0
2021-06-21,12:59:00,1454.6,1457.6,1456.8,1454,121,0
2021-06-21,13:45:00,1457.4,1460.4,1460,1456.2,130,1
2021-06-22,08:59:00,1467.8,1490,1482,1467.8,188,0
2021-06-22,09:59:00,1481.6,1482.6,1471.2,1468.4,503,0
2021-06-22,10:59:00,1470.4,1474.4,1474.4,1469,246,0
2021-06-22,11:56:00,1474.4,1477,1475,1473.4,84,0
2021-06-22,12:56:00,1473.8,1475.4,1473.8,1472.8,70,0
2021-06-22,13:45:00,1474.4,1476.4,1471.4,1471.2,198,0
2021-06-23,08:57:00,1475.2,1475.4,1473.4,1473.2,20,1
2021-06-23,09:59:00,1474.4,1488.4,1485.4,1474,447,0
2021-06-23,10:59:00,1485.4,1492,1485,1485,277,0
2021-06-23,11:59:00,1484.8,1486.6,1484.2,1482.2,222,0
2021-06-23,12:59:00,1484.4,1486.2,1485.8,1482,202,0
2021-06-23,13:45:00,1486.4,1491.8,1490,1485.8,205,0
2021-06-24,08:57:00,1492.4,1492.6,1491,1489,38,0
2021-06-24,09:59:00,1490.8,1492.4,1492.4,1484,324,0
2021-06-24,10:59:00,1491.6,1492,1491.2,1489,112,0
2021-06-24,11:55:00,1490.4,1490.4,1489.2,1487.2,95,0
2021-06-24,12:58:00,1489.2,1491,1490.4,1488.8,47,0
2021-06-24,13:45:00,1491,1492.2,1489.4,1488.2,101,1
2021-06-25,08:59:00,1500,1500,1498.2,1497,30,0
2021-06-25,09:59:00,1498.6,1504.8,1503.6,1493.8,485,0
2021-06-25,10:56:00,1503.2,1508,1505,1501.6,238,0
2021-06-25,11:59:00,1505.8,1509,1506.6,1505.2,148,0
2021-06-25,12:55:00,1505.8,1506.6,1503.8,1498.8,170,0
2021-06-25,13:45:00,1504,1504.6,1501,1496.8,186,0
2021-06-29,08:59:00,1503,1504.6,1499.8,1468.4,189,0
2021-06-29,09:57:00,1498.8,1499,1493.4,1488.8,433,0
2021-06-29,10:58:00,1493.8,1496.4,1494.4,1490,140,0
2021-06-29,11:55:00,1493,1493.2,1491.2,1487,198,0
2021-06-29,12:59:00,1492.4,1495.4,1494.2,1491,115,0
2021-06-29,13:45:00,1493.8,1498,1497.6,1490.8,279,0
2021-06-30,08:59:00,1500,1504,1502,1500,84,0
2021-06-30,09:59:00,1501.2,1514.2,1507.4,1501.2,501,0
2021-06-30,10:58:00,1507.2,1510.4,1509.6,1506.6,224,0
2021-06-30,11:54:00,1509.4,1509.4,1507.4,1506.6,113,0
2021-06-30,12:59:00,1507.6,1509,1509,1506.8,40,0
2021-06-30,13:45:00,1509,1509.2,1505.6,1504.2,144,0
2021-07-01,08:59:00,1507.2,1507.8,1507,1506.2,31,0
2021-07-01,09:59:00,1507.2,1510,1509,1490.4,383,0
2021-07-01,10:59:00,1509.4,1510.6,1504,1502.8,182,0
2021-07-01,11:59:00,1503.6,1503.6,1501.8,1495,208,0
2021-07-01,12:59:00,1502.2,1502.2,1500.4,1498.8,68,0
2021-07-01,13:45:00,1500.2,1505,1504.8,1498,143,0
2021-07-02,08:58:00,1505.8,1507,1505.8,1504.6,22,0
2021-07-02,09:59:00,1505.8,1507.6,1496.8,1493.8,370,0
2021-07-02,10:59:00,1496.4,1500,1498.4,1495.6,160,0
2021-07-02,11:59:00,1498.6,1501,1500,1498.4,101,0
2021-07-02,12:59:00,1500.2,1500.2,1496.6,1496.2,107,0
2021-07-02,13:45:00,1497.4,1498.2,1495.8,1494.2,150,0
2021-07-05,08:59:00,1499.4,1500.4,1500,1498.2,26,0
2021-07-05,09:59:00,1500,1514.8,1507.4,1499.8,416,0
2021-07-05,10:55:00,1507.4,1514.2,1512.2,1506.6,231,0
2021-07-05,11:59:00,1511.8,1512.6,1510.6,1510,39,0
2021-07-05,12:58:00,1511,1513,1511.8,1510,114,0
2021-07-05,13:45:00,1511.8,1512.8,1509.6,1509.2,165,0
2021-07-06,08:56:00,1511.4,1513.2,1513,1510,22,1
2021-07-06,09:58:00,1513,1522,1520.6,1510.6,547,0
2021-07-06,10:59:00,1519,1522.6,1521.8,1518.4,148,0
2021-07-06,11:59:00,1522.4,1523,1520.2,1518.6,89,0
2021-07-06,12:59:00,1520.4,1520.8,1519.6,1518.6,54,0
2021-07-06,13:45:00,1519.8,1520,1519.2,1517,73,0
2021-07-07,08:59:00,1514.2,1514.2,1505.8,1500.8,159,1
2021-07-07,09:58:00,1505.8,1516.8,1516.2,1505.8,251,0
2021-07-07,10:59:00,1516.8,1516.8,1516.8,1512,104,0
2021-07-07,11:59:00,1516.8,1518,1518,1514.6,74,0
2021-07-07,12:59:00,1518,1520.6,1516.2,1513.2,215,0
2021-07-07,13:45:00,1516.2,1522.6,1521.8,1515.4,122,0
2021-07-08,08:59:00,1521.4,1530.8,1524.8,1521.4,78,0
2021-07-08,09:59:00,1524.6,1538.4,1524.6,1524,569,0
2021-07-08,10:59:00,1524.2,1528.8,1526.8,1520.8,273,0
2021-07-08,11:58:00,1526.8,1527.6,1527.6,1525.2,78,0
2021-07-08,12:57:00,1528,1529.4,1525.2,1524.4,153,0
2021-07-08,13:45:00,1525.2,1527.8,1525.6,1524.6,110,0
2021-07-09,08:59:00,1515,1516.2,1515,1509.4,127,0
2021-07-09,09:58:00,1515,1518.6,1513,1508.2,514,0
2021-07-09,10:58:00,1511.4,1519.4,1516.4,1507.4,279,0
2021-07-09,11:56:00,1516.4,1518,1514,1512.8,130,0
2021-07-09,12:59:00,1515.4,1515.4,1513.8,1511.4,102,0
2021-07-09,13:45:00,1513.8,1518.2,1517.6,1513.2,196,1
2021-07-12,08:59:00,1531.2,1542,1541,1528.8,127,1
2021-07-12,09:59:00,1540.6,1559.8,1555.2,1533.2,952,0
2021-07-12,10:58:00,1555,1555.2,1547.4,1546,275,0
2021-07-12,11:58:00,1547.4,1547.6,1539.2,1538.6,261,0
2021-07-12,12:59:00,1539.6,1542,1535.8,1535.8,236,0
2021-07-12,13:45:00,1536.6,1539.8,1535,1532.6,201,1
2021-07-13,08:59:00,1540.4,1546.4,1544.6,1538.6,76,0
2021-07-13,09:59:00,1544,1548,1544.8,1540,293,0
2021-07-13,10:59:00,1545,1547.4,1544.6,1543,271,0
2021-07-13,11:59:00,1544.6,1545.4,1544.6,1540.6,116,0
2021-07-13,12:59:00,1544.8,1545.6,1541.2,1540,202,0
2021-07-13,13:45:00,1541.2,1541.2,1538.2,1535.4,209,0
2021-07-14,08:59:00,1540,1542,1537.8,1536,38,0
2021-07-14,09:59:00,1538.8,1547.2,1544.2,1538.8,268,0
2021-07-14,10:59:00,1544,1550.6,1544.8,1542,351,0
2021-07-14,11:57:00,1544.6,1547.2,1545.8,1544.4,86,0
2021-07-14,12:58:00,1545.8,1546.8,1545,1544.4,71,0
2021-07-14,13:45:00,1545,1547.6,1545.8,1544,121,0
2021-07-15,08:59:00,1546.6,1549,1548,1546.6,39,1
2021-07-15,09:59:00,1548,1559.6,1556,1548,335,0
2021-07-15,10:57:00,1555.2,1561.8,1559.6,1555.2,253,0
2021-07-15,11:57:00,1559.2,1561.2,1559,1557.4,107,0
2021-07-15,12:55:00,1559.2,1560.6,1558.8,1558.2,44,0
2021-07-15,13:45:00,1559.4,1560.8,1558.2,1558,151,0
2021-07-16,08:59:00,1552.6,1559.8,1559,1549,135,1
2021-07-16,09:59:00,1558.8,1571,1570.8,1553.8,527,0
2021-07-16,10:59:00,1570,1574,1573.2,1569.2,188,0
2021-07-16,11:59:00,1573.4,1579.8,1577.6,1572.4,229,1
2021-07-16,12:59:00,1577.8,1589.4,1588.6,1575,393,0
2021-07-16,13:45:00,1589,1591.8,1591.6,1585.6,385,0
2021-07-19,08:59:00,1582.6,1585,1584.8,1581,120,0
2021-07-19,09:59:00,1585.2,1598,1582.6,1578,874,0
2021-07-19,10:59:00,1582,1586.8,1581.4,1579,202,0
2021-07-19,11:58:00,1581.6,1585.8,1585.4,1581.2,101,0
2021-07-19,12:59:00,1586,1586.6,1586,1583.4,93,0
2021-07-19,13:45:00,1586,1589.6,1587.8,1585.4,195,0
2021-07-20,08:59:00,1576.2,1580,1571.2,1571,142,0
2021-07-20,09:58:00,1571.2,1573.2,1570.2,1564.2,501,0
2021-07-20,10:59:00,1570.2,1574.2,1570.8,1568,149,0
2021-07-20,11:59:00,1570,1571.8,1564.6,1564,126,0
2021-07-20,12:56:00,1564.6,1566.8,1562.4,1560.8,192,0
2021-07-20,13:45:00,1562.2,1565,1565,1560,109,1
2021-07-21,08:57:00,1569.2,1574.8,1573,1568,31,0
2021-07-21,09:59:00,1573.4,1574.8,1567.4,1563.6,292,0
2021-07-21,10:58:00,1568.6,1570.2,1565.4,1564.4,127,0
2021-07-21,11:54:00,1564.8,1568.2,1566.6,1563.4,148,0
2021-07-21,12:59:00,1565.2,1567,1563,1561.2,53,0
2021-07-21,13:30:00,1565,1565,1563,1561.2,85,0
2021-07-22,08:59:00,1530.4,1532,1532,1527.4,163,1
2021-07-22,09:59:00,1532,1545,1542.4,1530.8,810,0
2021-07-22,10:59:00,1541.8,1550,1547.4,1541,547,0
2021-07-22,11:59:00,1547.4,1550.2,1548,1545.4,315,0
2021-07-22,12:59:00,1547.8,1549.8,1548,1546,138,0
2021-07-22,13:45:00,1547.4,1548.2,1546.2,1544.2,164,1
2021-07-23,08:58:00,1551.8,1559.8,1558.2,1551.8,71,0
2021-07-23,09:59:00,1558.4,1560,1553,1549.2,550,0
2021-07-23,10:57:00,1553.6,1553.6,1552.6,1550.2,166,0
2021-07-23,11:59:00,1551.8,1554.6,1553.6,1550.2,94,0
2021-07-23,12:59:00,1553.6,1553.6,1553.2,1550,106,0
2021-07-23,13:45:00,1553.2,1556,1553.8,1553.2,125,0
2021-07-26,08:59:00,1556.6,1559.4,1557.2,1555.8,58,0
2021-07-26,09:59:00,1557.6,1561.2,1548.4,1548.2,522,0
2021-07-26,10:59:00,1548.6,1550,1539.6,1536.4,477,0
2021-07-26,11:58:00,1539.2,1540.2,1539,1536.4,117,0
2021-07-26,12:59:00,1539,1540.2,1532.4,1531.2,202,0
2021-07-26,13:45:00,1532.6,1533.4,1530.8,1528.8,255,0
2021-07-27,08:59:00,1535.8,1539,1535.8,1535,64,0
2021-07-27,09:59:00,1535,1535,1521.8,1518.8,477,0
2021-07-27,10:59:00,1521.6,1525.2,1519.2,1517.8,189,0
2021-07-27,11:56:00,1519.8,1519.8,1515.6,1512,254,0
2021-07-27,12:58:00,1515.2,1522.8,1520.6,1514.8,132,0
2021-07-27,13:45:00,1521,1521,1517,1514.6,110,0
2021-07-28,08:59:00,1512,1520.2,1516.8,1510,74,0
2021-07-28,09:59:00,1516.8,1516.8,1493,1486,783,0
2021-07-28,10:59:00,1492.8,1497,1495.6,1488.6,241,0
2021-07-28,11:58:00,1496.2,1500.8,1495.2,1494.4,125,0
2021-07-28,12:57:00,1496,1499,1497,1493.6,90,1
2021-07-28,13:45:00,1497,1506,1504.6,1497,220,1
2021-07-29,08:59:00,1514.8,1520,1514.8,1513.8,81,0
2021-07-29,09:59:00,1515.6,1519.2,1509,1507.4,425,0
2021-07-29,10:58:00,1508.2,1513.6,1511.4,1506,139,0
2021-07-29,11:57:00,1511,1515.8,1514.8,1511,67,0
2021-07-29,12:59:00,1515,1515.2,1514.2,1512.2,174,0
2021-07-29,13:45:00,1514.2,1516.2,1515,1513,177,0
2021-07-30,08:59:00,1515,1515,1507.4,1507.4,56,0
2021-07-30,09:59:00,1508,1510.4,1505.8,1504.4,299,0
2021-07-30,10:59:00,1506.4,1514.8,1513.2,1503.6,295,0
2021-07-30,11:58:00,1513,1515.6,1510,1509.2,143,0
2021-07-30,12:59:00,1510,1512,1508.6,1508.6,96,0
2021-07-30,13:45:00,1508.4,1508.8,1506.4,1503.8,206,0
2021-08-02,08:59:00,1513.2,1519,1513,1513,76,0
2021-08-02,09:59:00,1513,1518.4,1511.8,1509.6,304,0
2021-08-02,10:58:00,1511,1513.8,1512.8,1507.4,130,0
2021-08-02,11:59:00,1512.6,1520,1517,1512.6,182,0
2021-08-02,12:59:00,1517,1524.2,1524.2,1516.6,190,0
2021-08-02,13:45:00,1524,1528.8,1528.8,1522.2,168,0
2021-08-03,08:57:00,1524.8,1526.6,1525.2,1524,35,0
2021-08-03,09:55:00,1526.2,1526.4,1521,1519.4,242,0
2021-08-03,10:59:00,1520.8,1523.8,1519.2,1518.2,170,0
2021-08-03,11:52:00,1519.2,1523.4,1521,1518,70,0
2021-08-03,12:59:00,1522.6,1524.2,1523.6,1520.8,48,0
2021-08-03,13:45:00,1524,1529,1529,1523.8,146,0
2021-08-04,08:57:00,1527.4,1528.4,1527.2,1522.6,54,0
2021-08-04,09:59:00,1527,1530.8,1526.2,1523.6,189,0
2021-08-04,10:55:00,1525.2,1528,1527.4,1524.4,60,0
2021-08-04,11:58:00,1527,1527,1526.4,1525.4,53,0
2021-08-04,12:57:00,1526.4,1529.4,1527.4,1526.4,78,0
2021-08-04,13:45:00,1528,1528.8,1527.4,1527.4,79,0
2021-08-05,08:58:00,1526,1530.4,1527.6,1526,25,0
2021-08-05,09:59:00,1527.8,1528.4,1527.4,1523.6,161,0
2021-08-05,10:54:00,1527,1528.6,1528,1526,68,0
2021-08-05,11:57:00,1528.2,1529.4,1528.2,1526.8,40,0
2021-08-05,12:57:00,1529.2,1531.8,1531.6,1528.6,80,0
2021-08-05,13:45:00,1530.8,1531.4,1529.4,1529.2,63,0
2021-08-06,08:59:00,1534.6,1535,1531,1529.8,90,0
2021-08-06,09:59:00,1530.6,1530.6,1523,1519,522,0
2021-08-06,10:59:00,1523.4,1524.6,1523.2,1521.6,109,0
2021-08-06,11:59:00,1524,1529.8,1529,1524,133,0
2021-08-06,12:58:00,1528.4,1529.8,1529.4,1528.2,50,0
2021-08-06,13:45:00,1529.4,1531,1530.4,1526.6,137,0
2021-08-09,08:57:00,1530.8,1531,1523.4,1521,92,0
2021-08-09,09:59:00,1523.4,1523.6,1517,1507.4,670,1
2021-08-09,10:59:00,1517.6,1530.4,1527,1517.6,372,0
2021-08-09,11:59:00,1527.4,1530.4,1523.8,1522.8,247,0
2021-08-09,12:58:00,1524.2,1526.8,1525,1522,102,0
2021-08-09,13:45:00,1524.4,1525.6,1524.6,1522,147,0
2021-08-10,08:59:00,1527.2,1528,1523.2,1522.6,56,0
2021-08-10,09:59:00,1523.2,1529,1518.2,1518,355,0
2021-08-10,10:58:00,1519.2,1523.8,1522.6,1518,119,0
2021-08-10,11:58:00,1522.2,1522.4,1521,1520,39,0
2021-08-10,12:57:00,1520,1521.6,1521,1520,36,0
2021-08-10,13:45:00,1521.4,1524,1523.4,1520.6,129,0
2021-08-11,08:59:00,1526.8,1533.4,1528,1524.2,197,0
2021-08-11,09:59:00,1527.6,1535.8,1533,1524.4,583,0
2021-08-11,10:57:00,1533,1539.8,1537,1533,271,0
2021-08-11,11:59:00,1537,1537.8,1535,1532.2,242,0
2021-08-11,12:57:00,1535.2,1536,1532,1530,216,0
2021-08-11,13:45:00,1531.4,1534.8,1534.8,1531.4,128,0
2021-08-12,08:59:00,1539.4,1542.8,1538.6,1537.4,63,0
2021-08-12,09:59:00,1538.6,1538.6,1527,1526.2,426,0
2021-08-12,10:59:00,1527.4,1528.6,1526.6,1524.8,119,0
2021-08-12,11:59:00,1527.2,1527.4,1524,1522.6,168,0
2021-08-12,12:57:00,1524,1525,1523.8,1522.4,97,0
2021-08-12,13:45:00,1523.8,1526,1522.8,1522.8,94,0
2021-08-13,08:59:00,1525,1525,1520,1517,80,0
2021-08-13,09:59:00,1520.4,1526,1521.2,1517.8,515,0
2021-08-13,10:59:00,1521.4,1527.4,1523.8,1520.6,167,0
2021-08-13,11:59:00,1523.6,1525.6,1525,1520.4,171,0
2021-08-13,12:58:00,1525,1526,1523.2,1522.2,54,0
2021-08-13,13:45:00,1524,1524.8,1523.6,1522.2,105,0
2021-08-16,08:59:00,1513.2,1515,1513,1505.4,73,0
2021-08-16,09:59:00,1513,1518.8,1514.2,1509.4,350,0
2021-08-16,10:59:00,1514.4,1514.8,1502.8,1500.2,582,0
2021-08-16,11:58:00,1502.6,1503.6,1499,1498,227,0
2021-08-16,12:58:00,1498.2,1504,1501.4,1497.6,221,0
2021-08-16,13:45:00,1501,1502.6,1498.6,1498.6,235,1
2021-08-17,08:59:00,1504,1515.2,1510,1502.4,161,0
2021-08-17,09:59:00,1509.8,1514.2,1510.4,1507.4,322,0
2021-08-17,10:59:00,1510.6,1514.4,1513.6,1509.2,222,0
2021-08-17,11:59:00,1513.8,1514.2,1513,1511,233,0
2021-08-17,12:59:00,1513.2,1517.4,1517.4,1513.2,472,0
2021-08-17,13:45:00,1517,1526.8,1522,1516.6,514,0
2021-08-18,08:59:00,1509.2,1523.8,1516,1509,57,0
2021-08-18,09:59:00,1515.4,1515.4,1509.8,1506.4,292,0
2021-08-18,10:59:00,1508.6,1517.4,1514,1508,109,0
2021-08-18,11:59:00,1514.8,1517.4,1514.4,1511,144,0
2021-08-18,12:58:00,1513.8,1520.4,1516.4,1513.2,148,0
2021-08-18,13:29:00,1516.8,1516.8,1515,1514.4,93,0
2021-08-19,08:59:00,1508.2,1512,1508.4,1507,65,0
2021-08-19,09:59:00,1508.6,1511.6,1506.6,1506.6,372,0
2021-08-19,10:59:00,1506.6,1507.4,1495.2,1494.4,404,0
2021-08-19,11:59:00,1494.8,1499.4,1496.2,1490.4,314,0
2021-08-19,12:57:00,1496.2,1496.2,1491,1490.4,274,0
2021-08-19,13:45:00,1491.8,1497.8,1497.2,1490.2,206,0
2021-08-20,08:59:00,1495.6,1507,1504.6,1494.6,80,0
2021-08-20,09:59:00,1505.4,1505.8,1483.6,1479,600,0
2021-08-20,10:59:00,1483.6,1494.6,1485.8,1483.6,304,0
2021-08-20,11:59:00,1485.6,1494,1491.6,1485,204,0
2021-08-20,12:59:00,1492.2,1498.8,1498.6,1491.2,173,0
2021-08-20,13:45:00,1497.8,1497.8,1489,1486,249,1
2021-08-23,08:59:00,1497.8,1505.6,1504.4,1497.8,106,0
2021-08-23,09:59:00,1505,1515.6,1511.4,1505,857,0
2021-08-23,10:59:00,1511.2,1511.4,1505.2,1504.6,709,0
2021-08-23,11:59:00,1505.4,1506.4,1502.4,1502.4,521,0
2021-08-23,12:59:00,1502.4,1504.2,1503.2,1501.8,439,0
2021-08-23,13:45:00,1503.4,1506.2,1506.2,1502.8,427,1
2021-08-24,08:59:00,1512,1517.6,1514.4,1512,72,0
2021-08-24,09:59:00,1514.2,1518,1517,1508.2,321,0
2021-08-24,10:58:00,1517,1521,1520.4,1512.6,206,0
2021-08-24,11:59:00,1520.2,1523.4,1522.4,1518.4,224,0
2021-08-24,12:59:00,1521.8,1528.4,1527,1521.2,203,0
2021-08-24,13:45:00,1527.4,1528,1525.2,1524.8,139,0
2021-08-25,08:59:00,1531,1533.6,1531.6,1529.2,49,0
2021-08-25,09:59:00,1531.8,1535.4,1530.8,1527,330,0
2021-08-25,10:53:00,1530.8,1531.8,1530,1526.4,151,0
2021-08-25,11:58:00,1530,1534.6,1533.4,1529.2,137,0
2021-08-25,12:59:00,1533,1535,1534.8,1532.2,172,0
2021-08-25,13:45:00,1534.6,1536,1535.8,1533.4,123,0
2021-08-26,08:59:00,1542.8,1543.2,1538,1535.2,77,0
2021-08-26,09:59:00,1537.8,1537.8,1529.2,1524,648,0
2021-08-26,10:59:00,1529,1530.4,1530.2,1525.4,144,0
2021-08-26,11:59:00,1530.2,1532,1531.6,1529,160,0
2021-08-26,12:58:00,1531.4,1535,1533,1529.4,241,0
2021-08-26,13:45:00,1533.6,1538.8,1538.8,1533.4,188,0
2021-08-27,08:59:00,1535.6,1536.8,1536.4,1534,11,1
2021-08-27,09:59:00,1536.2,1551.8,1548.4,1535.8,452,1
2021-08-27,10:59:00,1549.2,1569.4,1565.6,1549.2,542,0
2021-08-27,11:59:00,1564.4,1564.6,1562.8,1560.4,145,0
2021-08-27,12:59:00,1563.6,1569.2,1568,1563.6,246,0
2021-08-27,13:45:00,1568,1570.6,1569.2,1567,243,0
2021-08-30,08:59:00,1574.6,1575.6,1575.2,1571.6,132,1
2021-08-30,09:59:00,1575.4,1589.6,1585.4,1574,480,0
2021-08-30,10:58:00,1584.8,1591.2,1588.8,1582.2,187,0
2021-08-30,11:57:00,1587.2,1588.4,1586.8,1585.2,75,0
2021-08-30,12:57:00,1586.2,1588,1587.8,1585,69,0
2021-08-30,13:45:00,1588.4,1596.2,1595,1588,251,0
2021-08-31,08:59:00,1588.8,1591.2,1588.6,1587,113,0
2021-08-31,09:58:00,1589.6,1595.4,1589,1585.2,499,0
2021-08-31,10:59:00,1589.4,1589.8,1587.4,1584,161,0
2021-08-31,11:59:00,1587.4,1593.6,1591.6,1587.4,172,0
2021-08-31,12:59:00,1591.8,1594,1594,1587.4,244,0
2021-08-31,13:45:00,1594.4,1598.4,1598,1592.4,461,0
2021-09-01,08:59:00,1594.2,1594.2,1591.8,1589.4,62,0
2021-09-01,09:59:00,1591.4,1602.8,1599.2,1591.4,402,0
2021-09-01,10:59:00,1599.2,1603,1596.6,1594.2,176,0
2021-09-01,11:58:00,1596.6,1598.8,1598.2,1591.8,157,0
2021-09-01,12:57:00,1598,1598.8,1597,1593.6,123,0
2021-09-01,13:45:00,1596,1598,1595,1593.4,85,0
2021-09-02,08:59:00,1592.4,1592.4,1585.8,1582,107,0
2021-09-02,09:59:00,1587,1588.6,1581.2,1580.8,318,0
2021-09-02,10:59:00,1581.8,1583.4,1575.6,1575,259,0
2021-09-02,11:55:00,1575.6,1579.8,1579.6,1572.8,197,0
2021-09-02,12:58:00,1578.6,1578.6,1575.8,1574.2,96,0
2021-09-02,13:45:00,1576.4,1579.6,1579.6,1575.2,176,0
2021-09-03,08:58:00,1587,1588.8,1585,1583.4,85,0
2021-09-03,09:58:00,1585.6,1590.6,1587.2,1584,237,1
2021-09-03,10:59:00,1588.8,1599.4,1598.6,1587,237,0
2021-09-03,11:59:00,1599,1601.6,1598.4,1596.2,181,0
2021-09-03,12:56:00,1598.4,1599.4,1597,1596.8,64,0
2021-09-03,13:45:00,1598,1598.4,1595,1594.4,104,0
2021-09-06,08:59:00,1590.4,1597.8,1595,1590.4,47,1
2021-09-06,09:59:00,1595,1608.4,1607.4,1593.4,344,0
2021-09-06,10:57:00,1607.2,1607.8,1601.8,1599,224,0
2021-09-06,11:59:00,1601.4,1603.2,1601.8,1600,94,0
2021-09-06,12:59:00,1601.8,1603.4,1596.8,1595.4,138,0
2021-09-06,13:45:00,1597.2,1600,1597.4,1596.4,97,0
2021-09-07,08:58:00,1598.8,1599.4,1598,1597.2,19,0
2021-09-07,09:59:00,1599.4,1602.2,1595.8,1593,349,0
2021-09-07,10:59:00,1595,1604.4,1602,1595,216,0
2021-09-07,11:59:00,1602.2,1602.4,1599,1598.2,73,0
2021-09-07,12:58:00,1599,1601.4,1601.4,1599,89,0
2021-09-07,13:45:00,1601.4,1602.4,1600,1598.2,114,0
2021-09-08,08:59:00,1599.6,1599.6,1595.8,1592.6,80,0
2021-09-08,09:58:00,1595.6,1603,1597.8,1594,326,0
2021-09-08,10:57:00,1597.6,1599.2,1598.2,1594.4,113,0
2021-09-08,11:59:00,1598.8,1598.8,1590.8,1589.2,222,0
2021-09-08,12:59:00,1591.4,1592,1588.8,1586,173,0
2021-09-08,13:45:00,1588.2,1596,1595.4,1587.8,164,0
2021-09-09,08:59:00,1599,1599.2,1593.6,1592.2,48,0
2021-09-09,09:59:00,1593.4,1594.4,1583.6,1578.2,466,0
2021-09-09,10:58:00,1584.2,1592.6,1590.2,1584.2,139,0
2021-09-09,11:59:00,1590.4,1590.8,1589.2,1588,46,0
2021-09-09,12:56:00,1589,1592,1588.4,1587.4,61,0
2021-09-09,13:45:00,1589.4,1593,1591.8,1589.4,110,0
